"COD_UF","NOME_UF","COD_MUNICIPIO","ANO","COD_MESO","NOME_MESO","COD_MICRO","NOME_MICRO","NOME_MUNICIPIO","INDICADOR_329","DESVIOS_PIOR_INDICADOR_329","INDICADOR_62","DESVIOS_MELHOR_INDICADOR_62","INDICADOR_89","DESVIOS_MELHOR_INDICADOR_89","INDICADOR_90","DESVIOS_MELHOR_INDICADOR_90","INDICADOR_333","DESVIOS_MELHOR_INDICADOR_333","INDICADOR_73","DESVIOS_PIOR_INDICADOR_73","INDICADOR_74","DESVIOS_PIOR_INDICADOR_74","INDICADOR_80","DESVIOS_MELHOR_INDICADOR_80","INDICADOR_81","DESVIOS_MELHOR_INDICADOR_81","INDICADOR_176","DESVIOS_MELHOR_INDICADOR_176","INDICADOR_177","DESVIOS_PIOR_INDICADOR_177","INDICADOR_202","DESVIOS_PIOR_INDICADOR_202","INDICADOR_184","DESVIOS_PIOR_INDICADOR_184","INDICADOR_7","DESVIOS_NEUTRO_INDICADOR_7","INDICADOR_201","DESVIOS_MELHOR_INDICADOR_201","receita","numero.matriculas","IFDM"
25,"Paraíba",2500106,2011,2501,"Sertão Paraibano",250107,"Serra do Teixeira","Água Branca",NA,NA,68.3589999603963,-1,NA,NA,2.8,-1,NA,NA,16.6,-2,6.7,2,65.8,-2,78.6,1,93.1818181818182,2,13.6363636363636,3,32.6388888888889,1,20.9896907216495,-2,1967.69916994106,-2,75.5682,2,"13883623.18",2036,0.569221001805616
25,"Paraíba",2500205,2011,2501,"Sertão Paraibano",250105,"Piancó","Aguiar",NA,NA,63.9887455873325,-1,NA,NA,3.8,2,NA,NA,14.8,-1,11.4,1,78.2,-1,81.8,1,71.1111111111111,-1,60,1,45.6989247311828,-3,10.5212765957447,2,2973.99194752775,1,NA,NA,"10305673.85",991,0.560721312374741
25,"Paraíba",2500304,2011,2503,"Agreste Paraibano",250315,"Brejo Paraibano","Alagoa Grande",NA,NA,74.8012318148054,1,3.9,-1,2.8,-1,NA,NA,10.6,-1,16.8,-1,71.9,-1,78.1,1,73.3333333333333,-1,58,1,39.1414141414141,-1,18.752688172043,-1,2424.30300649847,-1,62.2161,1,"37137938.64",5232,0.591376098284881
25,"Paraíba",2500403,2011,2503,"Agreste Paraibano",250315,"Brejo Paraibano","Alagoa Nova",NA,NA,71.895902160153,1,3.9,-1,3.7,2,NA,NA,8.4,1,11.5,1,77.2,-1,82.8,1,85.3333333333333,1,54.6666666666667,1,40.6565656565657,-2,20.1436781609195,-1,2287.39047360913,-1,66.7654,1,"26592113.01",3505,0.583521015546026
25,"Paraíba",2500502,2011,2503,"Agreste Paraibano",250316,"Guarabira","Alagoinha",NA,NA,77.7152756289284,2,3.2,-2,2.3,-2,NA,NA,23.9,-3,15,1,67.2,-2,82.9,1,85.1851851851852,1,61.1111111111111,1,36.7283950617284,-1,22.3942307692308,-2,2321.73171747531,-1,62.1118,1,"18879588.26",2329,0.588932404868108
25,"Paraíba",2500536,2011,2502,"Borborema",250211,"Cariri Oriental","Alcantil",NA,NA,56.2740791708998,-2,NA,NA,3.5,2,NA,NA,12.9,-1,12.2,1,77.4,-1,83,1,65,-1,90,-2,37.037037037037,-1,16.6333333333333,1,3034.01804609218,1,53.5943,-1,"9544957.90",998,0.601436128978119
25,"Paraíba",2500577,2011,2503,"Agreste Paraibano",250312,"Curimataú Ocidental","Algodão de Jandaíra",NA,NA,61.3450984692073,-1,NA,NA,NA,NA,NA,NA,NA,NA,10.9,1,NA,NA,83.2,1,90,1,90,-2,35.1851851851852,-1,19.4634146341463,-1,2742.34324561404,-1,NA,NA,"8171604.89",798,0.579977805070005
25,"Paraíba",2500601,2011,2504,"Mata Paraibana",250423,"Litoral Sul","Alhandra",NA,NA,59.1003925948953,-2,3.6,-1,2.7,-1,NA,NA,11.7,-1,13.2,1,76.8,-1,82.4,1,68.3760683760684,-1,82.051282051282,-2,31.3888888888889,1,17.9485714285714,-1,3673.71454227591,2,43.9343,-2,"38650341.51",3146,0.639466719784141
25,"Paraíba",2500734,2011,2502,"Borborema",250210,"Cariri Ocidental","Amparo",NA,NA,59.8770713830321,-2,NA,NA,NA,NA,NA,NA,NA,NA,28.4,-2,NA,NA,71.6,-1,33.3333333333333,-3,73.3333333333333,-1,22.2222222222222,3,12.1951219512195,2,3353.28484,1,66.8938,1,"7693035.91",500,0.547443336581728
25,"Paraíba",2500775,2011,2501,"Sertão Paraibano",250103,"Sousa","Aparecida",NA,NA,70.5502216630385,1,NA,NA,2.2,-2,NA,NA,14.9,-1,12.5,1,70.7,-1,66,-2,100,2,66.6666666666667,-1,38.562091503268,-1,13.6595744680851,1,2789.22554085603,1,57.5937,-1,"10023043.08",1285,0.551760388689351
25,"Paraíba",2500809,2011,2503,"Agreste Paraibano",250316,"Guarabira","Araçagi",NA,NA,75.1431834632719,1,3.9,-1,3,1,NA,NA,10.1,-1,20.8,-1,77,-1,78.7,1,75.7142857142857,1,64.2857142857143,1,32.6797385620915,1,12.9956896551724,2,2825.5009367759,1,52.656,-1,"22311778.22",3021,0.556714214398096
25,"Paraíba",2500908,2011,2503,"Agreste Paraibano",250312,"Curimataú Ocidental","Arara",NA,NA,72.7556649264906,1,3.4,-1,2.8,-1,NA,NA,16.7,-2,11.5,1,72.5,-1,67.9,-2,72.463768115942,-1,55.0724637681159,1,32.962962962963,1,20.8061224489796,-2,2381.75846983816,-1,56.1682,-1,"15208331.07",2039,0.532363673810597
25,"Paraíba",2501005,2011,2503,"Agreste Paraibano",250313,"Curimataú Oriental","Araruna",NA,NA,75.0190882108481,1,4.2,1,2.8,-1,NA,NA,5.2,1,23.9,-2,87,1,74.3,-1,56.578947368421,-2,75,-1,32.3361823361823,1,18.6436170212766,-1,2186.36210886292,-1,69.7957,1,"25060041.02",3509,0.608969063042481
25,"Paraíba",2501104,2011,2503,"Agreste Paraibano",250315,"Brejo Paraibano","Areia",NA,NA,72.9173876360677,1,4.2,1,3.2,1,NA,NA,6.3,1,12.4,1,81.9,1,79.1,1,66.6666666666667,-1,61.2244897959184,1,36.8055555555556,-1,18.1864406779661,-1,2811.94540540541,1,NA,NA,"26322595.74",3219,0.565549066715933
25,"Paraíba",2501153,2011,2501,"Sertão Paraibano",250104,"Patos","Areia de Baraúnas",NA,NA,58.7082966980718,-2,NA,NA,NA,NA,NA,NA,NA,NA,2.2,2,NA,NA,79.3,1,50,-2,100,-3,36.5740740740741,-1,12.3714285714286,2,4339.96321016166,3,49.6496,-2,"7610611.16",433,0.61167131071315
25,"Paraíba",2501203,2011,2503,"Agreste Paraibano",250314,"Esperança","Areial",NA,NA,78.1695148668057,2,NA,NA,2.8,-1,NA,NA,7.4,1,18,-1,67.6,-2,55.6,-3,96.969696969697,2,60.6060606060606,1,32.6388888888889,1,20.9714285714286,-2,2102.10948228883,-2,77.5567,2,"9966892.34",1468,0.644566106343872
25,"Paraíba",2501302,2011,2503,"Agreste Paraibano",250319,"Umbuzeiro","Aroeiras",NA,NA,79.8789998175312,2,4.3,1,2.3,-2,NA,NA,13.2,-1,15.3,1,75,-1,80.5,1,81.3333333333333,1,46.6666666666667,2,40.3030303030303,-2,14.0764525993884,1,2301.71800999348,-1,64.3547,1,"26063080.24",4603,NA
25,"Paraíba",2501351,2011,2502,"Borborema",250210,"Cariri Ocidental","Assunção",NA,NA,71.0283954002964,1,NA,NA,NA,NA,NA,NA,4,1,5.7,2,78.4,-1,79.2,1,96.4285714285714,2,71.4285714285714,-1,35.4166666666667,-1,16.7169811320755,1,2787.51542889391,1,59.6791,-1,"8229590.93",886,0.611329599224993
25,"Paraíba",2501401,2011,2504,"Mata Paraibana",250420,"Litoral Norte","Baía da Traição",NA,NA,72.1984987603819,1,NA,NA,2.9,-1,NA,NA,11.7,-1,21.5,-1,80.1,1,76.8,-1,80.7692307692308,1,93.5897435897436,-2,30.3418803418803,1,13.7876712328767,1,2463.82099354198,-1,58.9911,-1,"12857591.70",2013,0.560286176668513
25,"Paraíba",2501500,2011,2503,"Agreste Paraibano",250315,"Brejo Paraibano","Bananeiras",NA,NA,74.6778735711493,1,4.2,1,2.4,-2,NA,NA,14.4,-1,21.1,-1,71.9,-1,71.8,-1,83.3333333333333,1,57.2916666666667,1,37.2222222222222,-1,17.3032786885246,-1,2388.90788065356,-1,64.9379,1,"31001615.77",4223,0.592167786149667
25,"Paraíba",2501534,2011,2502,"Borborema",250209,"Seridó Oriental Paraibano","Baraúna",NA,NA,62.9360818730189,-1,NA,NA,NA,NA,NA,NA,0,2,29.3,-2,96,3,64,-2,92.3076923076923,2,92.3076923076923,-2,36.1111111111111,-1,24.8333333333333,-3,2622.04558005753,-1,59.0968,-1,"8924089.38",1043,0.623995111017922
25,"Paraíba",2501609,2011,2503,"Agreste Paraibano",250312,"Curimataú Ocidental","Barra de Santa Rosa",NA,NA,75.6398141697843,1,4.2,1,3,1,NA,NA,3.1,1,22,-1,80.6,1,63.2,-2,92.8571428571429,2,61.9047619047619,1,34.8888888888889,1,19.7272727272727,-1,2947.18040396882,1,52.3816,-1,"21060661.37",2822,0.604500275106728
25,"Paraíba",2501575,2011,2502,"Borborema",250211,"Cariri Oriental","Barra de Santana",NA,NA,66.2769126802823,-1,NA,NA,2.7,-1,NA,NA,4.7,1,7.9,2,84.3,1,84.1,1,83.8709677419355,1,87.0967741935484,-2,40.9090909090909,-2,14.5371900826446,1,2704.35449118818,-1,56.6372,-1,"13229695.43",1759,0.619710059414297
25,"Paraíba",2501708,2011,2502,"Borborema",250211,"Cariri Oriental","Barra de São Miguel",NA,NA,62.5125084419703,-1,NA,NA,NA,NA,NA,NA,0,2,12.3,1,95,2,83.8,1,40,-3,80,-1,32.5396825396825,1,13.6907216494845,1,2414.66676957831,-1,58.3527,-1,"9892006.78",1328,0.54265116801207
25,"Paraíba",2501807,2011,2504,"Mata Paraibana",250422,"João Pessoa","Bayeux",NA,NA,87.8011972579265,3,3.5,-1,2.8,-1,NA,NA,14.5,-1,36.7,-3,72.6,-1,56.9,-3,73.0434782608696,-1,63.1884057971014,1,22.6984126984127,3,14.4656796769852,1,2276.37687796264,-1,73.0484,2,"87917879.46",10759,0.600481930965733
25,"Paraíba",2501906,2011,2503,"Agreste Paraibano",250316,"Guarabira","Belém",NA,NA,75.1071480870376,1,4.3,1,2.8,-1,NA,NA,8.7,1,12.7,1,83.3,1,84.8,1,51.3157894736842,-2,85.5263157894737,-2,32.7777777777778,1,13.5828571428571,1,2779.77261874738,-1,57.0606,-1,"27352899.47",2379,0.626962696910067
25,"Paraíba",2502003,2011,2501,"Sertão Paraibano",250101,"Catolé do Rocha","Belém do Brejo do Cruz",NA,NA,67.1734956802832,-1,3.9,-1,3.9,2,NA,NA,4.4,1,15.1,1,91.2,2,81.3,1,82.5,1,50,1,35.8585858585859,-1,17.258064516129,-1,2697.45581308411,-1,54.4549,-1,"10519902.15",1070,0.571056150140863
25,"Paraíba",2502052,2011,2501,"Sertão Paraibano",250102,"Cajazeiras","Bernardino Batista",NA,NA,50.3147759913855,-3,NA,NA,NA,NA,NA,NA,NA,NA,12.2,1,NA,NA,87.8,2,69.2307692307692,-1,38.4615384615385,2,42.0634920634921,-2,15.3333333333333,1,2423.85549331104,-1,58.4877,-1,"9501293.47",1196,0.563047225097958
25,"Paraíba",2502102,2011,2501,"Sertão Paraibano",250106,"Itaporanga","Boa Ventura",NA,NA,67.2065572981104,-1,4.2,1,2.6,-1,NA,NA,12.4,-1,27.7,-2,77.8,-1,67.7,-2,85.1851851851852,1,44.4444444444444,2,38.562091503268,-1,10.3866666666667,2,3227.47806161746,1,49.7945,-2,"8137596.32",779,0.479886085995643
25,"Paraíba",2502151,2011,2503,"Agreste Paraibano",250317,"Campina Grande","Boa Vista",NA,NA,64.084305118803,-1,6.4,4,NA,NA,NA,NA,0,2,15.9,1,97.6,3,66.5,-2,91.6666666666667,2,83.3333333333333,-2,32.1428571428571,1,17.536231884058,-1,3530.78420661157,2,46.7454,-2,"14663362.94",1210,0.614805822408932
25,"Paraíba",2502201,2011,2501,"Sertão Paraibano",250102,"Cajazeiras","Bom Jesus",NA,NA,68.4031108790723,-1,NA,NA,NA,NA,NA,NA,0,2,13.1,1,96.2,3,65.8,-2,81.8181818181818,1,54.5454545454545,1,38.0952380952381,-1,28.7777777777778,-4,2934.70097812098,1,58.9127,-1,"9382533.62",777,0.542030825469064
25,"Paraíba",2502300,2011,2501,"Sertão Paraibano",250101,"Catolé do Rocha","Bom Sucesso",NA,NA,68.8788433503172,1,4.1,1,3,1,NA,NA,7.3,1,15.3,1,83.5,1,80.8,1,61.5384615384615,-1,51.2820512820513,1,31.1111111111111,1,11.6086956521739,2,4093.81498127341,3,53.2253,-1,"8689641.78",534,0.544503757939667
25,"Paraíba",2502409,2011,2501,"Sertão Paraibano",250102,"Cajazeiras","Bonito de Santa Fé",NA,NA,72.4061974658877,1,3.2,-2,3.2,1,NA,NA,10.9,-1,18.8,-1,73.2,-1,69.5,-1,85.7142857142857,1,73.8095238095238,-1,41.1522633744856,-2,13,2,2843.50349837134,1,45.5565,-2,"15945018.95",1535,0.580788509376208
25,"Paraíba",2502508,2011,2502,"Borborema",250211,"Cariri Oriental","Boqueirão",NA,NA,70.9335220481248,1,4.1,1,2.2,-2,NA,NA,17.6,-2,19.6,-1,69.8,-1,74,-1,82.9545454545455,1,71.5909090909091,-1,41.6666666666667,-2,13.6504854368932,1,2448.61656116643,-1,63.5399,1,"21597472.45",2812,0.589104089870237
25,"Paraíba",2502706,2011,2503,"Agreste Paraibano",250315,"Brejo Paraibano","Borborema",NA,NA,74.4282069718056,1,3.4,-1,1.9,-2,NA,NA,11.3,-1,15.3,1,74.9,-1,74.5,-1,68.9655172413793,-1,68.9655172413793,-1,33.3333333333333,1,20.1,-1,2585.96271825397,-1,55.9856,-1,"8945942.96",1008,0.548509182371033
25,"Paraíba",2502805,2011,2501,"Sertão Paraibano",250101,"Catolé do Rocha","Brejo do Cruz",NA,NA,62.0078737886524,-1,3.7,-1,2.2,-2,NA,NA,22.8,-2,17.6,-1,64.4,-2,74.2,-1,92.5,2,25,3,38.562091503268,-1,17.2241379310345,-1,2473.8685985986,-1,61.891,1,"17644159.29",1998,0.560281350123971
25,"Paraíba",2502904,2011,2501,"Sertão Paraibano",250101,"Catolé do Rocha","Brejo dos Santos",NA,NA,70.4649955384078,1,3.6,-1,2.7,-1,NA,NA,9.1,1,9.7,1,81.5,1,89.8,2,60.9756097560976,-1,56.0975609756098,1,33.9506172839506,1,14.4193548387097,1,2757.7827852349,-1,60.7258,1,"9550310.07",894,0.522856899678318
25,"Paraíba",2503001,2011,2504,"Mata Paraibana",250423,"Litoral Sul","Caaporã",NA,NA,76.7526139456401,2,3.6,-1,NA,NA,NA,NA,0.8,2,13.7,1,82,1,80.9,1,80,1,58,1,27.5132275132275,2,19.1666666666667,-1,2445.52822745704,-1,64.3929,1,"39783780.94",5179,0.560139888150991
25,"Paraíba",2503100,2011,2502,"Borborema",250211,"Cariri Oriental","Cabaceiras",NA,NA,54.9016706853538,-2,NA,NA,NA,NA,NA,NA,7.5,1,6.5,2,86.8,1,91.1,2,89.2857142857143,1,82.1428571428571,-2,21.1111111111111,3,16.5087719298246,1,2598.06968627451,-1,63.4227,1,"9165928.90",1020,0.612982780553407
25,"Paraíba",2503209,2011,2504,"Mata Paraibana",250422,"João Pessoa","Cabedelo",NA,NA,77.6001295529122,2,3.5,-1,2.7,-1,NA,NA,13.9,-1,25.6,-2,74.3,-1,57.1,-3,67.741935483871,-1,55.7603686635945,1,24.6666666666667,2,15.0526315789474,1,2990.36212125286,1,56.9254,-1,"139246670.26",7439,0.787988775108029
25,"Paraíba",2503308,2011,2501,"Sertão Paraibano",250102,"Cajazeiras","Cachoeira dos Índios",NA,NA,66.9396103068609,-1,3.9,-1,2.2,-2,NA,NA,14.9,-1,31.6,-3,59.7,-3,47.2,-4,54.8387096774194,-2,54.8387096774194,1,36.5079365079365,-1,17.6847826086957,-1,2656.76819299324,-1,53.677,-1,"14433352.76",1627,0.536362539381765
25,"Paraíba",2503407,2011,2501,"Sertão Paraibano",250104,"Patos","Cacimba de Areia",NA,NA,70.1786373501606,1,NA,NA,NA,NA,NA,NA,3.5,1,11.1,1,93,2,77.8,1,61.5384615384615,-1,53.8461538461538,1,37.5,-1,12.7647058823529,2,2392.0180030722,-1,71.0442,2,"7840737.10",651,0.566915610519956
25,"Paraíba",2503506,2011,2503,"Agreste Paraibano",250313,"Curimataú Oriental","Cacimba de Dentro",NA,NA,69.6009363643727,1,3.7,-1,2.5,-1,NA,NA,7.9,1,19.1,-1,77.3,-1,75,-1,90.1234567901235,1,79.0123456790124,-1,37.8378378378378,-1,19.4640883977901,-1,2240.63640749149,-1,67.6874,1,"19434721.67",3524,0.589948737953537
25,"Paraíba",2503555,2011,2501,"Sertão Paraibano",250107,"Serra do Teixeira","Cacimbas",NA,NA,70.9177994982234,1,NA,NA,2.5,-1,NA,NA,14.5,-1,14.7,1,72.2,-1,83.1,1,100,2,87.5,-2,37.1794871794872,-1,19.7663551401869,-1,2310.24829787234,-1,59.5462,-1,"14051948.22",2115,0.540687717064026
25,"Paraíba",2503605,2011,2503,"Agreste Paraibano",250316,"Guarabira","Caiçara",NA,NA,66.722891706863,-1,3.6,-1,2.8,-1,NA,NA,9.7,1,11.2,1,72,-1,85.5,1,74.2857142857143,-1,60,1,29.6296296296296,2,18.3684210526316,-1,2245.10791523482,-1,62.4791,1,"11299882.04",1746,0.592104331088631
25,"Paraíba",2503704,2011,2501,"Sertão Paraibano",250102,"Cajazeiras","Cajazeiras",NA,NA,68.0573207933599,-1,4.3,1,2.7,-1,NA,NA,12.6,-1,27.4,-2,72.1,-1,67.5,-2,77.0392749244713,1,39.2749244712991,2,32.996632996633,1,17.7158469945355,-1,2697.03281418659,-1,60.5218,-1,"66417845.45",6485,0.632407716089148
25,"Paraíba",2503753,2011,2501,"Sertão Paraibano",250103,"Sousa","Cajazeirinhas",NA,NA,65.1261891737841,-1,NA,NA,NA,NA,NA,NA,NA,NA,18.9,-1,NA,NA,77,-1,95,2,70,-1,36.1111111111111,-1,14.0892857142857,1,3692.72534854246,2,49.6607,-2,"9111133.08",789,0.656213670581779
25,"Paraíba",2503803,2011,2503,"Agreste Paraibano",250318,"Itabaiana","Caldas Brandão",NA,NA,77.3215671138071,2,NA,NA,3.1,1,NA,NA,4.6,1,10.1,1,89.8,2,86.3,2,83.8709677419355,1,74.1935483870968,-1,34.7222222222222,1,14.3030303030303,1,2772.38795550848,-1,51.7415,-1,"8705403.55",944,0.541367063000589
25,"Paraíba",2503902,2011,2502,"Borborema",250210,"Cariri Ocidental","Camalaú",NA,NA,70.0851369034001,1,NA,NA,3,1,NA,NA,19.6,-2,17.5,-1,62,-2,81.7,1,80.6451612903226,1,54.8387096774194,1,37.4074074074074,-1,20.7234042553191,-2,2784.28942505133,-1,60.669,1,"10313789.22",974,0.573554388670132
25,"Paraíba",2504009,2011,2503,"Agreste Paraibano",250317,"Campina Grande","Campina Grande",NA,NA,81.2439481894709,2,4.4,1,2.9,-1,NA,NA,12.8,-1,20.6,-1,68.7,-2,67.7,-2,82.5866050808314,1,57.5057736720554,1,26.9463340891912,2,18.5960655737705,-1,2888.65184526958,1,87.2263,3,"512587443.99",28359,0.752107631823573
25,"Paraíba",2504033,2011,2504,"Mata Paraibana",250420,"Litoral Norte","Capim",NA,NA,69.0884577000524,1,3.9,-1,NA,NA,NA,NA,0.5,2,NA,NA,87.2,2,NA,NA,37.5,-3,100,-3,25.5555555555556,2,22.5131578947368,-2,1990.57074225599,-2,60.136,-1,"10674321.91",1711,0.57123615329343
25,"Paraíba",2504074,2011,2502,"Borborema",250211,"Cariri Oriental","Caraúbas",NA,NA,67.5423979876899,-1,NA,NA,2.5,-1,NA,NA,23.9,-3,15.8,1,62.4,-2,69.1,-1,86.3636363636364,1,68.1818181818182,-1,37.6068376068376,-1,16.6458333333333,1,3134.29774718398,1,58.2129,-1,"8848087.92",799,0.521855848005595
25,"Paraíba",2504108,2011,2501,"Sertão Paraibano",250102,"Cajazeiras","Carrapateira",NA,NA,74.5795860917401,1,NA,NA,NA,NA,NA,NA,9.4,1,11.6,1,85.5,1,87.7,2,50,-2,59.0909090909091,1,33.3333333333333,1,12.9736842105263,2,3716.50657200811,2,63.2945,1,"8393746.29",493,0.59131397039018
25,"Paraíba",2504157,2011,2503,"Agreste Paraibano",250313,"Curimataú Oriental","Casserengue",NA,NA,73.3529432260333,1,NA,NA,NA,NA,NA,NA,NA,NA,26,-2,NA,NA,58,-3,100,2,100,-3,33.3333333333333,1,20.3258426966292,-1,2592.69410171365,-1,55.6226,-1,"11010964.11",1809,0.585995902123539
25,"Paraíba",2504207,2011,2501,"Sertão Paraibano",250105,"Piancó","Catingueira",NA,NA,59.0924108572496,-2,NA,NA,NA,NA,NA,NA,2.4,2,5.5,2,84.2,1,93.7,2,77.7777777777778,1,62.962962962963,1,32.5396825396825,1,16.975,-1,2069.84275405007,-2,86.7262,3,"7427248.61",679,0.544556664740904
25,"Paraíba",2504306,2011,2501,"Sertão Paraibano",250101,"Catolé do Rocha","Catolé do Rocha",NA,NA,62.4808399996935,-1,5.1,3,2.7,-1,NA,NA,8.5,1,20.2,-1,79.6,1,76.2,-1,86.8613138686131,1,39.4160583941606,2,38.034188034188,-1,19.4044943820225,-1,2374.3768760857,-1,69.2816,1,"31552926.80",3454,0.635997225948352
25,"Paraíba",2504355,2011,2502,"Borborema",250211,"Cariri Oriental","Caturité",NA,NA,69.6021022227883,1,NA,NA,3.2,1,NA,NA,7.8,1,27.4,-2,81.8,1,71,-1,67.741935483871,-1,74.1935483870968,-1,31.1111111111111,1,14.9824561403509,1,3723.711264637,2,43.9967,-2,"8993943.74",854,0.659191639284193
25,"Paraíba",2504405,2011,2501,"Sertão Paraibano",250106,"Itaporanga","Conceição",NA,NA,77.0058473759689,2,3.5,-1,2.3,-2,NA,NA,18.4,-2,30.6,-2,75.9,-1,65,-2,56.6265060240964,-2,22.289156626506,3,37.1717171717172,-1,17.1287878787879,-1,2750.54941228458,-1,55.1791,-1,"21609928.81",2263,0.504075098145196
25,"Paraíba",2504504,2011,2501,"Sertão Paraibano",250103,"Sousa","Condado",NA,NA,65.6783676713151,-1,4.6,2,3,1,NA,NA,3.1,1,7.2,2,79.5,1,82.8,1,85.3658536585366,1,75.609756097561,-1,42.5925925925926,-2,13.6811594202899,1,3234.24841101695,1,51.8416,-1,"9331644.66",944,0.597680045202809
25,"Paraíba",2504603,2011,2504,"Mata Paraibana",250422,"João Pessoa","Conde",NA,NA,74.567907542052,1,3.4,-1,2.2,-2,NA,NA,7.2,1,21.2,-1,71.8,-1,64,-2,88.75,1,76.25,-1,28.8065843621399,2,16.1285140562249,1,3049.01011952191,1,53.8408,-1,"46044523.68",4016,0.672427005057119
25,"Paraíba",2504702,2011,2502,"Borborema",250210,"Cariri Ocidental","Congo",NA,NA,71.2032531454939,1,NA,NA,NA,NA,NA,NA,9.3,1,13.6,1,77.7,-1,80.3,1,62.8571428571429,-1,62.8571428571429,1,35.8024691358025,-1,15.04,1,3364.06533244681,1,56.0997,-1,"8409051.72",752,0.595432645470089
25,"Paraíba",2504801,2011,2501,"Sertão Paraibano",250105,"Piancó","Coremas",NA,NA,53.3338562429353,-2,3.8,-1,2.9,-1,NA,NA,18.2,-2,12.4,1,71.9,-1,84.6,1,76.1904761904762,1,46.4285714285714,2,38.8888888888889,-1,14.1037735849057,1,3066.99421404682,1,46.8887,-2,"18763859.64",1495,0.52483799062258
25,"Paraíba",2504850,2011,2502,"Borborema",250210,"Cariri Ocidental","Coxixola",NA,NA,60.5850925171264,-2,NA,NA,2.8,-1,NA,NA,2.1,2,5.7,2,83.4,1,91.4,2,38.0952380952381,-3,76.1904761904762,-1,35.8024691358025,-1,9.8,2,7150.80367346939,4,NA,NA,"6241589.91",147,0.517044524080909
25,"Paraíba",2504900,2011,2504,"Mata Paraibana",250421,"Sapé","Cruz do Espírito Santo",NA,NA,67.1717280193335,-1,3.1,-2,2.4,-2,NA,NA,18.7,-2,14.1,1,70.6,-1,78.2,1,40.9090909090909,-3,60.2272727272727,1,33.3333333333333,1,20.4532374100719,-2,2458.68549419627,-1,59.6116,-1,"19684444.24",2843,0.546120860465611
25,"Paraíba",2505006,2011,2502,"Borborema",250209,"Seridó Oriental Paraibano","Cubati",NA,NA,79.987062471581,2,3.4,-1,NA,NA,NA,NA,5.3,1,15.7,1,64.1,-2,63.2,-2,61.5384615384615,-1,65.3846153846154,-1,33.5858585858586,1,18.9404761904762,-1,2312.48923318667,-1,62.2859,1,"10885169.20",1591,0.601127220280189
25,"Paraíba",2505105,2011,2503,"Agreste Paraibano",250312,"Curimataú Ocidental","Cuité",NA,NA,68.6518515915461,1,5.3,3,3.7,2,NA,NA,1.2,2,17.6,-1,78.1,-1,61.5,-2,63.0952380952381,-1,63.0952380952381,1,35.5902777777778,-1,19.5912408759124,-1,2427.13620625466,-1,60.1382,-1,"27121256.89",2686,0.601997342378604
25,"Paraíba",2505238,2011,2504,"Mata Paraibana",250420,"Litoral Norte","Cuité de Mamanguape",NA,NA,72.8008661481693,1,NA,NA,NA,NA,NA,NA,14.9,-1,14.9,1,76.1,-1,84.4,1,61.9047619047619,-1,100,-3,33.3333333333333,1,22.3592233009709,-2,2525.0253119584,-1,52.6604,-1,"11886259.32",2308,0.567319176288407
25,"Paraíba",2505204,2011,2503,"Agreste Paraibano",250316,"Guarabira","Cuitegi",NA,NA,77.2168589789319,2,3.3,-2,2.6,-1,NA,NA,20.2,-2,24.2,-2,74.3,-1,74.2,-1,86.4864864864865,1,54.054054054054,1,30.5555555555556,1,18.0172413793103,-1,2573.30719617225,-1,54.7196,-1,"10773401.96",1045,0.584865729391098
25,"Paraíba",2505279,2011,2504,"Mata Paraibana",250420,"Litoral Norte","Curral de Cima",NA,NA,56.8681435147948,-2,NA,NA,NA,NA,NA,NA,0,2,13.3,1,65.2,-2,84.2,1,75,1,87.5,-2,32.2222222222222,1,21.1194029850746,-2,2423.17729519774,-1,54.8673,-1,"10356989.43",1416,0.57227538865077
25,"Paraíba",2505303,2011,2501,"Sertão Paraibano",250106,"Itaporanga","Curral Velho",NA,NA,60.2982808839589,-2,NA,NA,NA,NA,NA,NA,1.2,2,8.6,1,94.3,2,80.6,1,64.2857142857143,-1,71.4285714285714,-1,35.4166666666667,-1,14.3414634146341,1,3163.75404074703,1,61.1007,1,"7220484.67",589,0.556261914712798
25,"Paraíba",2505352,2011,2503,"Agreste Paraibano",250312,"Curimataú Ocidental","Damião",NA,NA,62.1175544400181,-1,NA,NA,NA,NA,NA,NA,NA,NA,31.7,-3,NA,NA,66.5,-2,57.1428571428571,-2,100,-3,33.3333333333333,1,21.1111111111111,-2,2875.96700225395,1,65.5615,1,"9988348.83",1331,0.608168900443463
25,"Paraíba",2505402,2011,2501,"Sertão Paraibano",250107,"Serra do Teixeira","Desterro",NA,NA,67.4503902485753,-1,4,1,3.5,2,NA,NA,7.7,1,11.9,1,80.5,1,80.7,1,92.0634920634921,2,79.3650793650794,-1,34.9206349206349,-1,19.1621621621622,-1,2448.8415796897,-1,61.7737,1,"12083839.72",1418,0.606675640314555
25,"Paraíba",2505600,2011,2501,"Sertão Paraibano",250106,"Itaporanga","Diamante",NA,NA,71.0553246853859,1,3.9,-1,2.5,-1,NA,NA,13.4,-1,20.1,-1,80.6,1,70.5,-1,50.8771929824561,-2,59.6491228070175,1,36.8686868686869,-1,13.7978723404255,1,2526.13301770593,-1,55.1332,-1,"10613153.61",1299,0.513236286712148
25,"Paraíba",2505709,2011,2503,"Agreste Paraibano",250313,"Curimataú Oriental","Dona Inês",NA,NA,61.280301900021,-1,NA,NA,NA,NA,NA,NA,3.5,1,18.7,-1,94.1,2,80.2,1,81.4814814814815,1,62.962962962963,1,38.3838383838384,-1,26.2682926829268,-3,2370.26951253482,-1,71.7026,2,"16755456.03",2154,0.672806127184702
25,"Paraíba",2505808,2011,2503,"Agreste Paraibano",250316,"Guarabira","Duas Estradas",NA,NA,73.8779695540137,1,4.5,2,NA,NA,NA,NA,0,2,10.8,1,98.6,3,81.1,1,91.304347826087,2,69.5652173913043,-1,31.25,1,17.5555555555556,-1,2940.57680628272,1,49.4566,-2,"8946700.62",955,0.571355819383009
25,"Paraíba",2505907,2011,2501,"Sertão Paraibano",250105,"Piancó","Emas",NA,NA,73.0526568667512,1,NA,NA,NA,NA,NA,NA,6.8,1,15.9,1,77.9,-1,78.2,1,70.5882352941177,-1,58.8235294117647,1,25.5555555555556,2,13.6136363636364,1,3025.02171953255,1,57.8977,-1,"7816263.10",599,0.541238185302719
25,"Paraíba",2506004,2011,2503,"Agreste Paraibano",250314,"Esperança","Esperança",NA,NA,69.0777141685433,1,4.2,1,NA,NA,NA,NA,20.4,-2,17.3,-1,71,-1,80.1,1,77.7777777777778,1,67.5925925925926,-1,29.8148148148148,1,23.1290322580645,-2,2278.50460450289,-1,79.3661,2,"41026368.28",5019,0.650563712939001
25,"Paraíba",2506103,2011,2503,"Agreste Paraibano",250317,"Campina Grande","Fagundes",NA,NA,69.5123093776936,1,4.1,1,3.3,1,NA,NA,5,1,4.7,2,82.8,1,81.5,1,86.5671641791045,1,61.1940298507463,1,38.8888888888889,-1,13.6374269005848,1,2521.68813464837,-1,55.9171,-1,"15984893.56",2332,0.577203637848038
25,"Paraíba",2506202,2011,2502,"Borborema",250209,"Seridó Oriental Paraibano","Frei Martinho",NA,NA,62.628505442234,-1,NA,NA,NA,NA,NA,NA,2.4,2,15.7,1,86.2,1,73.9,-1,72.2222222222222,-1,88.8888888888889,-2,40,-1,18.36,-1,3513.35119825708,2,69.7988,1,"7761286.10",459,0.647057391079273
25,"Paraíba",2506251,2011,2503,"Agreste Paraibano",250319,"Umbuzeiro","Gado Bravo",NA,NA,64.4404465612933,-1,NA,NA,NA,NA,NA,NA,27.6,-3,43.9,-4,68.5,-2,56.1,-3,52,-2,80,-1,43.3048433048433,-2,20.0073529411765,-1,2122.2946122749,-2,63.4517,1,"13483860.43",2721,0.551538686826136
25,"Paraíba",2506301,2011,2503,"Agreste Paraibano",250316,"Guarabira","Guarabira",NA,NA,80.2511846475396,2,3.8,-1,2.1,-2,NA,NA,20.4,-2,24.9,-2,70,-1,65,-2,80.3921568627451,1,47.4509803921569,1,23.5507246376812,3,18.0146627565982,-1,2284.49261348898,-1,70.1285,2,"61619563.51",6168,0.686537821049415
25,"Paraíba",2506400,2011,2503,"Agreste Paraibano",250318,"Itabaiana","Gurinhém",NA,NA,76.96608543151,2,3,-2,2.8,-1,NA,NA,10.8,-1,15.2,1,76.7,-1,81.7,1,86,1,50,1,32,1,16.3311258278146,1,2759.1309039319,-1,51.1585,-1,"17713962.11",2467,0.561108875330187
25,"Paraíba",2506509,2011,2502,"Borborema",250211,"Cariri Oriental","Gurjão",NA,NA,64.5308174689057,-1,NA,NA,2.9,-1,NA,NA,4.4,1,13.3,1,89.3,2,79.7,1,83.7837837837838,1,72.972972972973,-1,36.5079365079365,-1,11.7619047619048,2,3379.8305465587,1,64.1201,1,"7576898.32",494,0.582749651178064
25,"Paraíba",2506608,2011,2501,"Sertão Paraibano",250106,"Itaporanga","Ibiara",NA,NA,74.8208271942932,1,NA,NA,2.9,-1,NA,NA,8.3,1,7.3,2,85.2,1,83.3,1,72.5490196078431,-1,70.5882352941177,-1,35.5555555555556,-1,15.3809523809524,1,2435.66394736842,-1,74.0429,2,"28873768.07",646,0.57360542147984
25,"Paraíba",2502607,2011,2501,"Sertão Paraibano",250105,"Piancó","Igaracy",NA,NA,75.8236887846851,1,3.7,-1,2,-2,NA,NA,18.8,-2,16,1,67.5,-2,70.8,-1,79.4871794871795,1,43.5897435897436,2,49.4708994708995,-3,13.5316455696203,1,3003.92966323667,1,49.5452,-2,"10171564.61",1069,0.558860209885169
25,"Paraíba",2506707,2011,2501,"Sertão Paraibano",250107,"Serra do Teixeira","Imaculada",NA,NA,75.5263056733083,1,4.2,1,2.5,-1,NA,NA,7.1,1,14.3,1,82,1,79.9,1,70.8333333333333,-1,62.5,1,37.6543209876543,-1,22.4945054945055,-2,2563.61768930142,-1,58.8962,-1,"13965247.19",2047,0.540442530148371
25,"Paraíba",2506806,2011,2503,"Agreste Paraibano",250318,"Itabaiana","Ingá",NA,NA,77.0875600274993,2,3.3,-2,3.1,1,NA,NA,8.5,1,14.9,1,75.4,-1,79.3,1,81.1111111111111,1,70,-1,33.3333333333333,1,12.9815668202765,2,2742.40514376997,-1,53.6671,-1,"22193298.72",2817,0.584525641607896
25,"Paraíba",2506905,2011,2503,"Agreste Paraibano",250318,"Itabaiana","Itabaiana",NA,NA,51.8746156189427,-3,4.1,1,2.6,-1,NA,NA,12.8,-1,26.5,-2,73.1,-1,68.2,-1,83.8509316770186,1,67.0807453416149,-1,29.2181069958848,2,14.2714285714286,1,1741.17263131814,-2,68.0701,1,"29116254.90",2018,0.591415560344196
25,"Paraíba",2507002,2011,2501,"Sertão Paraibano",250106,"Itaporanga","Itaporanga",NA,NA,72.1437986660322,1,3.7,-1,2.5,-1,NA,NA,11.8,-1,24.5,-2,79.2,1,74.2,-1,80.0995024875622,1,31.8407960199005,2,34.1269841269841,1,15.952380952381,1,2756.08044776119,-1,53.8794,-1,"22565506.98",1675,0.58611734188191
25,"Paraíba",2507101,2011,2504,"Mata Paraibana",250420,"Litoral Norte","Itapororoca",NA,NA,76.074898816151,1,3.1,-2,2.9,-1,NA,NA,11.6,-1,17.4,-1,76.1,-1,82,1,95.7142857142857,2,91.4285714285714,-2,33.1349206349206,1,15.21875,1,2549.24369825522,-1,56.7536,-1,"20799720.22",2923,0.54936645203555
25,"Paraíba",2507200,2011,2503,"Agreste Paraibano",250318,"Itabaiana","Itatuba",NA,NA,65.654125443461,-1,3.7,-1,2.3,-2,NA,NA,15.4,-1,21.4,-1,68,-2,65.8,-2,66.6666666666667,-1,53.7037037037037,1,46.1988304093567,-3,16.3695652173913,1,3070.39305444887,1,48.2693,-2,"13213347.08",1506,0.510755525018496
25,"Paraíba",2507309,2011,2504,"Mata Paraibana",250420,"Litoral Norte","Jacaraú",NA,NA,71.9952780945562,1,3.9,-1,2.5,-1,NA,NA,11.6,-1,14.4,1,75.5,-1,80.8,1,92.3076923076923,2,61.5384615384615,1,31.3131313131313,1,22.2105263157895,-2,2294.02781398104,-1,66.418,1,"22314249.16",3376,0.615461576036212
25,"Paraíba",2507408,2011,2501,"Sertão Paraibano",250101,"Catolé do Rocha","Jericó",NA,NA,79.3268484725704,2,NA,NA,2.9,-1,NA,NA,13.3,-1,30.3,-2,70.9,-1,68.9,-1,74.1935483870968,-1,45.1612903225806,2,38.562091503268,-1,14.3837209302326,1,2542.03573969281,-1,59.8244,-1,"10578549.04",1237,0.565770490174584
25,"Paraíba",2507507,2011,2504,"Mata Paraibana",250422,"João Pessoa","João Pessoa",NA,NA,67.5643632323787,-1,4.1,1,3.3,1,NA,NA,9.1,1,21.2,-1,76.9,-1,67.8,-2,75.7827653089498,1,52.1197007481297,1,16.540404040404,4,18.4121191831269,-1,3754.68244143997,2,87.7194,3,"1313114707.70",55029,0.798666564808638
25,"Paraíba",2507606,2011,2503,"Agreste Paraibano",250318,"Itabaiana","Juarez Távora",NA,NA,69.2864978115232,1,2.8,-2,NA,NA,NA,NA,6.8,1,21.7,-1,73.5,-1,70.1,-1,88.8888888888889,1,33.3333333333333,2,29.3650793650794,2,18.6989247311828,-1,2200.81900517539,-1,61.9658,1,"10854016.13",1739,0.575228253896193
25,"Paraíba",2507705,2011,2502,"Borborema",250209,"Seridó Oriental Paraibano","Juazeirinho",NA,NA,64.9522639232869,-1,3.6,-1,1.8,-3,NA,NA,13.1,-1,8,2,63.3,-2,87.8,2,83.0769230769231,1,47.6923076923077,1,42.6984126984127,-2,18.7485380116959,-1,2304.24932626326,-1,66.203,1,"22309212.63",3206,0.557156888227938
25,"Paraíba",2507804,2011,2502,"Borborema",250208,"Seridó Ocidental Paraibano","Junco do Seridó",NA,NA,79.9246417400347,2,3.1,-2,3.4,1,NA,NA,4.8,1,16.1,-1,89,2,82.8,1,61.1111111111111,-1,61.1111111111111,1,29.1666666666667,2,15.1666666666667,1,2678.30402197802,-1,55.0155,-1,"9175367.71",910,0.575177999765932
25,"Paraíba",2507903,2011,2504,"Mata Paraibana",250421,"Sapé","Juripiranga",NA,NA,73.7824591678281,1,3.4,-1,2.5,-1,NA,NA,12.8,-1,22.5,-1,68.7,-2,64.2,-2,92.1052631578947,2,47.3684210526316,1,27.7777777777778,2,16.5181818181818,1,2381.35618051734,-1,61.7754,1,"13466368.77",1817,0.566525151440339
25,"Paraíba",2508000,2011,2501,"Sertão Paraibano",250107,"Serra do Teixeira","Juru",NA,NA,67.3429873083592,-1,4.2,1,3,1,NA,NA,6.8,1,15,1,85.6,1,81.2,1,63.8297872340426,-1,44.6808510638298,2,36.8888888888889,-1,14.4903846153846,1,2383.36827471798,-1,60.6827,1,"11839433.71",1507,0.549946418443593
25,"Paraíba",2508109,2011,2501,"Sertão Paraibano",250101,"Catolé do Rocha","Lagoa",NA,NA,74.549211183219,1,4.2,1,3.1,1,NA,NA,5.1,1,4.3,2,77.3,-1,87.2,2,66.6666666666667,-1,63.8888888888889,1,40.8496732026144,-2,15.6911764705882,1,2198.00607310215,-1,NA,NA,"9861976.27",1067,0.537316838180477
25,"Paraíba",2508208,2011,2503,"Agreste Paraibano",250316,"Guarabira","Lagoa de Dentro",NA,NA,74.4356124786421,1,NA,NA,2.5,-1,NA,NA,14.2,-1,10.1,1,75.6,-1,86.7,2,66.6666666666667,-1,59.5238095238095,1,37.2549019607843,-1,25.3617021276596,-3,2270.75005033557,-1,NA,NA,"12694075.00",2384,0.598692267060764
25,"Paraíba",2508307,2011,2503,"Agreste Paraibano",250317,"Campina Grande","Lagoa Seca",NA,NA,78.9263884865145,2,NA,NA,3.2,1,NA,NA,8.2,1,7.5,2,75.6,-1,77.7,1,84.6153846153846,1,46.1538461538462,2,33.6917562724014,1,18.6045454545455,-1,2288.26014903494,-1,70.0458,1,"30647721.88",4093,0.598882203290117
25,"Paraíba",2508406,2011,2501,"Sertão Paraibano",250103,"Sousa","Lastro",NA,NA,60.1213360572878,-2,NA,NA,NA,NA,NA,NA,8.7,1,15.7,1,85.5,1,83.5,1,47.0588235294118,-2,64.7058823529412,-1,41.9191919191919,-2,14.6981132075472,1,2877.98214377407,1,59.701,-1,"9410333.61",779,0.526547865546403
25,"Paraíba",2508505,2011,2502,"Borborema",250210,"Cariri Ocidental","Livramento",NA,NA,59.8318701480064,-2,NA,NA,NA,NA,NA,NA,11.3,-1,16.3,-1,75.4,-1,78.5,1,89.2857142857143,1,71.4285714285714,-1,38.0952380952381,-1,18.6216216216216,-1,2612.77266328012,-1,59.9851,-1,"11066277.79",1378,0.572533709040182
25,"Paraíba",2508554,2011,2503,"Agreste Paraibano",250316,"Guarabira","Logradouro",NA,NA,67.3744978659464,-1,NA,NA,NA,NA,NA,NA,16.2,-1,30,-2,80.2,1,70,-1,78.2608695652174,1,78.2608695652174,-1,26.6666666666667,2,15.6071428571429,1,2370.65488,-1,71.3847,2,"8143402.65",875,0.539702106074084
25,"Paraíba",2508604,2011,2504,"Mata Paraibana",250422,"João Pessoa","Lucena",NA,NA,73.6312913859807,1,NA,NA,2.3,-2,NA,NA,23.6,-3,25,-2,65.3,-2,71.3,-1,85.2941176470588,1,64.7058823529412,-1,25.462962962963,2,21.495867768595,-2,2309.60425990004,-1,66.1361,1,"20623955.89",2601,0.602642659653432
25,"Paraíba",2508703,2011,2501,"Sertão Paraibano",250104,"Patos","Mãe d'Água",NA,NA,62.8567815250592,-1,NA,NA,NA,NA,NA,NA,9.7,1,16.2,-1,74.2,-1,60.7,-2,100,2,73.3333333333333,-1,32.8282828282828,1,16.6739130434783,1,2623.45439374185,-1,69.4237,1,"8700188.88",767,0.586827785955327
25,"Paraíba",2508802,2011,2501,"Sertão Paraibano",250103,"Sousa","Malta",NA,NA,66.8396489517991,-1,4.2,1,3.1,1,NA,NA,7.4,1,5.2,2,79.3,1,88.9,2,57.5757575757576,-2,63.6363636363636,1,34.8484848484848,1,13.4561403508772,1,3440.14374185137,2,54.972,-1,"9107518.47",767,0.583976989109102
25,"Paraíba",2508901,2011,2504,"Mata Paraibana",250420,"Litoral Norte","Mamanguape",NA,NA,76.2081442555864,1,3,-2,2.5,-1,NA,NA,21.1,-2,23,-1,64.9,-2,72.5,-1,95,2,65.625,-1,32.6388888888889,1,25.3201581027668,-3,2413.95754955518,-1,66.2851,1,"44707917.81",6407,0.535099134768122
25,"Paraíba",2509008,2011,2501,"Sertão Paraibano",250107,"Serra do Teixeira","Manaíra",NA,NA,68.5846461715898,-1,4.1,1,2.8,-1,NA,NA,17.1,-2,25.7,-2,75.8,-1,71.6,-1,54.7368421052632,-2,82.1052631578947,-2,46.7592592592593,-3,25.0135135135135,-3,2293.2667639114,-1,59.2359,-1,"13767186.29",1851,0.517722028485791
25,"Paraíba",2509057,2011,2504,"Mata Paraibana",250420,"Litoral Norte","Marcação",NA,NA,70.6186413323767,1,NA,NA,NA,NA,NA,NA,12.9,-1,25.6,-2,79.8,1,73.5,-1,65.0793650793651,-1,90.4761904761905,-2,30.0925925925926,1,17.3939393939394,-1,2771.07146425495,-1,47.4591,-2,"13767445.46",2322,0.544316577656795
25,"Paraíba",2509107,2011,2504,"Mata Paraibana",250421,"Sapé","Mari",NA,NA,70.7904811660584,1,4.1,1,2.9,-1,NA,NA,10.1,-1,11.4,1,74.8,-1,80.7,1,92.8571428571429,2,70.2380952380952,-1,29.0598290598291,2,18.1703296703297,-1,2258.46348429952,-1,63.0741,1,"23527529.30",3312,0.572663457875526
25,"Paraíba",2509156,2011,2501,"Sertão Paraibano",250103,"Sousa","Marizópolis",NA,NA,70.3099805713225,1,3.9,-1,1.9,-2,NA,NA,21.8,-2,35.7,-3,68.7,-2,59.3,-2,53.5714285714286,-2,64.2857142857143,1,29.0123456790123,2,20.4431818181818,-2,2101.8437020567,-2,65.2025,1,"11818232.68",1799,0.52922053725766
25,"Paraíba",2509206,2011,2503,"Agreste Paraibano",250317,"Campina Grande","Massaranduba",NA,NA,59.1941874958672,-2,3.7,-1,2.7,-1,NA,NA,6.7,1,9.7,1,67.8,-2,84,1,75,1,80.3571428571429,-1,36.6319444444444,-1,18.7967479674797,-1,2380.44776816609,-1,64.8257,1,"15964603.45",2312,0.567635121258647
25,"Paraíba",2509305,2011,2504,"Mata Paraibana",250420,"Litoral Norte","Mataraca",NA,NA,73.244616746561,1,4.5,2,NA,NA,NA,NA,1.3,2,24.1,-2,92.2,2,72.2,-1,100,2,85.7142857142857,-2,25.9259259259259,2,21.0408163265306,-2,2559.08627118644,-1,52.4037,-1,"17373708.05",2065,0.637727630743293
25,"Paraíba",2509339,2011,2503,"Agreste Paraibano",250315,"Brejo Paraibano","Matinhas",NA,NA,66.1843423532069,-1,3.8,-1,3.4,1,NA,NA,8.6,1,15.1,1,80,1,79.6,1,87.5,1,87.5,-2,37.6068376068376,-1,12.48,2,2960.70916666667,1,NA,NA,"8451320.18",624,0.549355276081013
25,"Paraíba",2509370,2011,2501,"Sertão Paraibano",250101,"Catolé do Rocha","Mato Grosso",NA,NA,58.0852746400691,-2,NA,NA,NA,NA,NA,NA,15.6,-1,13,1,82.2,1,85.7,1,38.8888888888889,-3,77.7777777777778,-1,34.0277777777778,1,11.4615384615385,2,3526.60418344519,2,69.993,1,"7622228.00",447,0.552484287944626
25,"Paraíba",2509396,2011,2501,"Sertão Paraibano",250107,"Serra do Teixeira","Maturéia",NA,NA,65.201737441882,-1,NA,NA,NA,NA,NA,NA,2.3,2,12.4,1,75,-1,82.9,1,69.2307692307692,-1,92.3076923076923,-2,34.3434343434343,1,21.1891891891892,-2,2391.86544642857,-1,61.2302,1,"10901129.84",1568,0.61344222741283
25,"Paraíba",2509404,2011,2503,"Agreste Paraibano",250318,"Itabaiana","Mogeiro",NA,NA,63.5747042061733,-1,3.9,-1,2.6,-1,NA,NA,18.1,-2,12,1,68.3,-2,84.1,1,87.8787878787879,1,74.2424242424242,-1,35.7777777777778,-1,21.3032786885246,-2,1995.6090188534,-2,64.9719,1,"16534341.45",2599,0.572960204231439
25,"Paraíba",2509503,2011,2503,"Agreste Paraibano",250314,"Esperança","Montadas",NA,NA,60.7456677769637,-2,2.8,-2,NA,NA,NA,NA,0,2,16.4,-1,75,-1,77.3,1,95,2,50,1,31.25,1,18.2950819672131,-1,2560.06170250896,-1,57.842,-1,"10275353.17",1116,0.62207290494654
25,"Paraíba",2509602,2011,2501,"Sertão Paraibano",250102,"Cajazeiras","Monte Horebe",NA,NA,65.857784365932,-1,2.8,-2,3.1,1,NA,NA,19.7,-2,10.1,1,68.2,-2,87.4,2,55.2631578947369,-2,63.1578947368421,1,36.6666666666667,-1,12.5714285714286,2,2957.02038352273,1,60.3062,-1,"9069426.18",704,0.499071283204574
25,"Paraíba",2509701,2011,2502,"Borborema",250210,"Cariri Ocidental","Monteiro",NA,NA,64.6753724594036,-1,4.1,1,3.1,1,NA,NA,7.5,1,13.2,1,84.8,1,81.5,1,94.5736434108527,2,25.5813953488372,3,35.1010101010101,-1,17.9613259668508,-1,2815.82844355583,1,60.8454,1,"39511458.07",3251,0.595136098604239
25,"Paraíba",2509800,2011,2503,"Agreste Paraibano",250316,"Guarabira","Mulungu",NA,NA,83.9783790726028,3,2.9,-2,NA,NA,NA,NA,11.1,-1,24.9,-2,73.1,-1,73.9,-1,63.4615384615385,-1,61.5384615384615,1,40.1234567901235,-1,15.4807692307692,1,2643.80606769231,-1,51.9504,-1,"11735478.81",1625,0.518764765910497
25,"Paraíba",2509909,2011,2503,"Agreste Paraibano",250319,"Umbuzeiro","Natuba",NA,NA,73.2160219678619,1,3.2,-2,2.7,-1,NA,NA,7.1,1,17.8,-1,81.7,1,78.3,1,74,-1,84,-2,39.3162393162393,-1,16.349593495935,1,2324.11481610338,-1,64.9226,1,"13958298.06",2012,0.65504122157789
25,"Paraíba",2510006,2011,2501,"Sertão Paraibano",250103,"Sousa","Nazarezinho",NA,NA,78.0151882264218,2,NA,NA,4.1,3,NA,NA,2,2,20.9,-1,83.9,1,68.9,-1,61.2903225806452,-1,45.1612903225806,2,38.6111111111111,-1,17.1645569620253,-1,2533.57972713864,-1,53.3635,-1,"11849074.96",1356,NA
25,"Paraíba",2510105,2011,2503,"Agreste Paraibano",250312,"Curimataú Ocidental","Nova Floresta",NA,NA,71.5209181703042,1,4.7,2,3.1,1,NA,NA,6.2,1,16.3,-1,80.2,1,80.1,1,90.5660377358491,1,81.1320754716981,-1,35.8585858585859,-1,14.4222222222222,1,2847.32000770416,1,54.0177,-1,"12634483.63",1298,0.561139411748279
25,"Paraíba",2510204,2011,2501,"Sertão Paraibano",250105,"Piancó","Nova Olinda",NA,NA,75.2815530048359,1,4.7,2,4.4,3,NA,NA,0.2,2,15.8,1,92,2,82.7,1,64.5161290322581,-1,74.1935483870968,-1,29.8611111111111,1,16.231884057971,1,2679.4400625,-1,51.5851,-1,"10061721.77",1120,0.511444154590131
25,"Paraíba",2510303,2011,2502,"Borborema",250209,"Seridó Oriental Paraibano","Nova Palmeira",NA,NA,68.3903820329404,-1,NA,NA,NA,NA,NA,NA,1.5,2,12.5,1,83.9,1,87.5,2,81.8181818181818,1,72.7272727272727,-1,29.3650793650794,2,17.2439024390244,-1,2639.12356435643,-1,75.0783,2,"8980565.15",707,0.651109648552775
25,"Paraíba",2510402,2011,2501,"Sertão Paraibano",250105,"Piancó","Olho d'Água",NA,NA,69.8168088147059,1,3.5,-1,3,1,NA,NA,7.7,1,22.3,-1,79.2,1,71.8,-1,67.4418604651163,-1,60.4651162790698,1,38.3597883597884,-1,15.6623376623377,1,2627.97977630489,-1,52.5226,-1,"10368372.73",1207,0.531175778806863
25,"Paraíba",2510501,2011,2503,"Agreste Paraibano",250312,"Curimataú Ocidental","Olivedos",NA,NA,68.0688179751583,-1,NA,NA,NA,NA,NA,NA,NA,NA,NA,NA,NA,NA,NA,NA,70.5882352941177,-1,76.4705882352941,-1,35.5555555555556,-1,15.8135593220339,1,3045.80688102894,1,53.1565,-1,"8179693.23",933,0.570353885999252
25,"Paraíba",2510600,2011,2502,"Borborema",250210,"Cariri Ocidental","Ouro Velho",NA,NA,85.7265883685258,3,NA,NA,3.4,1,NA,NA,2.7,2,2.4,2,85.5,1,97.6,3,84.6153846153846,1,19.2307692307692,3,33.3333333333333,1,9.62162162162162,3,3793.14328651686,2,65.9941,1,"7178203.13",356,0.563242182994507
25,"Paraíba",2510659,2011,2502,"Borborema",250210,"Cariri Ocidental","Parari",NA,NA,47.6327170486625,-3,NA,NA,NA,NA,NA,NA,16,-1,4.4,2,61,-2,95.6,3,60,-1,53.3333333333333,1,37.037037037037,-1,7.41935483870968,3,6641.46860869565,4,NA,NA,"6658638.35",230,0.597729399429629
25,"Paraíba",2510709,2011,2501,"Sertão Paraibano",250104,"Patos","Passagem",NA,NA,64.087551987885,-1,NA,NA,NA,NA,NA,NA,NA,NA,4.7,2,NA,NA,77.8,1,100,2,85.7142857142857,-2,32.2222222222222,1,10.906976744186,2,4103.99106609808,3,56.5247,-1,"7526711.41",469,0.556132006743653
25,"Paraíba",2510808,2011,2501,"Sertão Paraibano",250104,"Patos","Patos",NA,NA,74.7194723435816,1,4.2,1,3.1,1,NA,NA,6.2,1,11.6,1,80.7,1,79.1,1,79.7297297297297,1,62.7413127413127,1,27.6851851851852,2,13.2049861495845,2,2910.67566771489,1,72.452,2,"114322116.94",9540,0.682736499937673
25,"Paraíba",2510907,2011,2501,"Sertão Paraibano",250103,"Sousa","Paulista",NA,NA,56.057258534129,-2,NA,NA,3.4,1,NA,NA,6,1,7.3,2,84,1,89.9,2,91.8918918918919,2,51.3513513513513,1,33.6257309941521,1,20.3152173913043,-1,2195.65420545746,-1,73.8824,2,"17021430.76",1869,0.618231405432635
25,"Paraíba",2511004,2011,2501,"Sertão Paraibano",250106,"Itaporanga","Pedra Branca",NA,NA,64.7554484403703,-1,NA,NA,2.7,-1,NA,NA,9.8,1,12.8,1,85.5,1,81.2,1,68,-1,52,1,41.2698412698413,-2,13.0625,2,2689.62539473684,-1,62.9998,1,"8712367.79",836,0.575724714477792
25,"Paraíba",2511103,2011,2502,"Borborema",250209,"Seridó Oriental Paraibano","Pedra Lavrada",NA,NA,68.6969826942659,1,NA,NA,NA,NA,NA,NA,2.1,2,31.8,-3,91.8,2,61.6,-2,85.7142857142857,1,71.4285714285714,-1,42.5925925925926,-2,20.6304347826087,-2,2624.62247102213,-1,62.3856,1,"13490002.06",1898,0.690024131123971
25,"Paraíba",2511202,2011,2504,"Mata Paraibana",250423,"Litoral Sul","Pedras de Fogo",NA,NA,70.2212754906739,1,3.1,-2,2.4,-2,NA,NA,12.9,-1,29.8,-2,69.5,-2,68,-2,69.0476190476191,-1,71.4285714285714,-1,28.6458333333333,2,21.257053291536,-2,2263.38613036426,-1,71.033,2,"52401206.70",6781,0.58623493450256
25,"Paraíba",2512721,2011,2504,"Mata Paraibana",250420,"Litoral Norte","Pedro Régis",NA,NA,83.9707313115662,3,3.4,-1,NA,NA,NA,NA,5.7,1,11.5,1,77.9,-1,85.4,1,86.6666666666667,1,86.6666666666667,-2,34.4444444444444,1,16.7258064516129,1,3283.46254580521,1,42.8308,-2,"9274210.67",1037,0.607129140334543
25,"Paraíba",2511301,2011,2501,"Sertão Paraibano",250105,"Piancó","Piancó",NA,NA,66.3362136142234,-1,3.6,-1,2.1,-2,NA,NA,23,-2,47.6,-4,72.9,-1,48.3,-4,59.2,-1,31.2,2,29.1666666666667,2,10.7991631799163,2,2577.3600116189,-1,58.8337,-1,"27251746.76",2582,0.606893142471915
25,"Paraíba",2511400,2011,2502,"Borborema",250209,"Seridó Oriental Paraibano","Picuí",NA,NA,63.570530327874,-1,4.4,1,3.1,1,NA,NA,9.6,1,18.2,-1,81.7,1,74.2,-1,90.5660377358491,1,66.0377358490566,-1,33.1196581196581,1,21.1264367816092,-2,2356.29208650707,-1,68.0864,1,"29733640.30",3676,0.688543450619692
25,"Paraíba",2511509,2011,2504,"Mata Paraibana",250421,"Sapé","Pilar",NA,NA,72.8413657402079,1,3.3,-2,2.5,-1,NA,NA,6,1,9,1,69.8,-1,77.6,1,81.5384615384615,1,50.7692307692308,1,29.9145299145299,1,15.9134615384615,1,2446.92162537764,-1,56.5583,-1,"16975876.74",1655,0.571531714958936
25,"Paraíba",2511608,2011,2503,"Agreste Paraibano",250315,"Brejo Paraibano","Pilões",NA,NA,68.1918494882002,-1,3.1,-2,NA,NA,NA,NA,9.1,1,15.6,1,75.9,-1,74.7,-1,72.972972972973,-1,62.1621621621622,1,40.3508771929825,-2,19.2068965517241,-1,2407.07918013166,-1,55.0463,-1,"11670774.33",1671,0.539287611461255
25,"Paraíba",2511707,2011,2503,"Agreste Paraibano",250316,"Guarabira","Pilõezinhos",NA,NA,66.8652558817578,-1,3.9,-1,3,1,NA,NA,4.5,1,21.5,-1,83.1,1,76.7,-1,89.4736842105263,1,52.6315789473684,1,38.8888888888889,-1,18.1132075471698,-1,2488.92370833333,-1,57.3907,-1,"9659366.14",960,0.56039037867679
25,"Paraíba",2511806,2011,2503,"Agreste Paraibano",250316,"Guarabira","Pirpirituba",NA,NA,72.2115782104523,1,3.6,-1,3.2,1,NA,NA,6.7,1,11.2,1,79.8,1,84.7,1,72.9166666666667,-1,58.3333333333333,1,34.6153846153846,1,14.8977272727273,1,2716.98594202898,-1,47.2144,-2,"13884658.63",1311,0.590490337079557
25,"Paraíba",2511905,2011,2504,"Mata Paraibana",250423,"Litoral Sul","Pitimbu",NA,NA,65.2057156886266,-1,3.6,-1,3.3,1,NA,NA,4.5,1,6.5,2,84.8,1,84.6,1,82.051282051282,1,79.4871794871795,-1,33.5858585858586,1,21.1486486486486,-2,2271.92095724314,-1,66.6802,1,"22169785.96",3134,0.582793300132098
25,"Paraíba",2512002,2011,2503,"Agreste Paraibano",250312,"Curimataú Ocidental","Pocinhos",NA,NA,53.8258667182374,-2,NA,NA,NA,NA,NA,NA,0,2,9.7,1,89.1,2,83.3,1,77.7777777777778,1,59.2592592592593,1,37.7394636015326,-1,20.9722222222222,-2,2177.02401854305,-1,72.9921,2,"24673709.87",3775,0.618202716190922
25,"Paraíba",2512036,2011,2501,"Sertão Paraibano",250102,"Cajazeiras","Poço Dantas",NA,NA,49.7625413727274,-3,NA,NA,NA,NA,NA,NA,0,2,12.4,1,92.9,2,80.3,1,71.4285714285714,-1,71.4285714285714,-1,36.3247863247863,-1,12.4957983193277,2,2977.24516476127,1,48.4738,-2,"12950041.78",1487,0.533663711097475
25,"Paraíba",2512077,2011,2501,"Sertão Paraibano",250102,"Cajazeiras","Poço de José de Moura",NA,NA,68.4786692296798,-1,NA,NA,NA,NA,NA,NA,3.9,1,13.6,1,82.9,1,86.4,2,40,-3,48,1,41.9753086419753,-2,19.4805194805195,-1,2342.04194666667,-1,56.1334,-1,"12018411.83",1500,0.593903696621085
25,"Paraíba",2512101,2011,2501,"Sertão Paraibano",250103,"Sousa","Pombal",NA,NA,68.617305220081,-1,4,1,NA,NA,NA,NA,19,-2,15.9,1,72.1,-1,78.6,1,78.4530386740332,1,39.2265193370166,2,34.0501792114695,1,16.6617647058824,1,2648.44805236834,-1,63.6674,1,"39689893.34",3399,0.653887411516982
25,"Paraíba",2512200,2011,2502,"Borborema",250210,"Cariri Ocidental","Prata",NA,NA,58.2334321407286,-2,NA,NA,3.9,2,NA,NA,8.3,1,10.6,1,77.9,-1,81.6,1,70.8333333333333,-1,29.1666666666667,2,32.4074074074074,1,15.625,1,2945.886736,1,71.39,2,"9534216.62",625,0.607197694256448
25,"Paraíba",2512309,2011,2501,"Sertão Paraibano",250107,"Serra do Teixeira","Princesa Isabel",NA,NA,76.1997893981382,1,4.3,1,3.3,1,NA,NA,7.3,1,19.2,-1,79.8,1,67.8,-2,75.2212389380531,1,38.9380530973451,2,40.5982905982906,-2,18.75,-1,3076.70125333333,1,53.4742,-1,"26652400.62",2250,0.607378773598607
25,"Paraíba",2512408,2011,2503,"Agreste Paraibano",250317,"Campina Grande","Puxinanã",NA,NA,67.8413948035225,-1,4.2,1,2.8,-1,NA,NA,10.5,-1,7.1,2,71.2,-1,78.9,1,60,-1,74.1176470588235,-1,38.6243386243386,-1,17.8252427184466,-1,2440.9615577342,-1,66.689,1,"14823191.25",1836,0.567681808584992
25,"Paraíba",2512507,2011,2503,"Agreste Paraibano",250317,"Campina Grande","Queimadas",NA,NA,68.9001648189127,1,3.5,-1,2.5,-1,NA,NA,16.4,-1,29.7,-2,71.8,-1,64.5,-2,80.46875,1,51.5625,1,40.3174603174603,-2,20.0369393139842,-1,2107.37287030941,-2,77.1042,2,"48694753.94",7595,0.600108141185487
25,"Paraíba",2512606,2011,2501,"Sertão Paraibano",250104,"Patos","Quixabá",NA,NA,54.2788731329014,-2,NA,NA,NA,NA,NA,NA,NA,NA,12.3,1,NA,NA,83.1,1,100,2,100,-3,35.3535353535354,-1,13.5151515151515,1,3733.66726457399,2,NA,NA,"7338680.04",446,0.622585663189401
25,"Paraíba",2512705,2011,2503,"Agreste Paraibano",250312,"Curimataú Ocidental","Remígio",NA,NA,72.5844493510498,1,4.2,1,3.5,2,NA,NA,3.9,1,3.3,2,80.4,1,85.8,1,83.8709677419355,1,43.5483870967742,2,34.0579710144928,1,20.0592105263158,-1,2577.98941292227,-1,NA,NA,"24240288.38",3049,0.59310005727413
25,"Paraíba",2512747,2011,2503,"Agreste Paraibano",250313,"Curimataú Oriental","Riachão",NA,NA,57.4629129312949,-2,NA,NA,NA,NA,NA,NA,0,2,17.8,-1,89.6,2,72.9,-1,81.8181818181818,1,72.7272727272727,-1,31.9444444444444,1,15.8367346938776,1,3164.83536082474,1,54.7026,-1,"8066748.05",776,0.531931779666374
25,"Paraíba",2512754,2011,2503,"Agreste Paraibano",250318,"Itabaiana","Riachão do Bacamarte",NA,NA,60.5365234616225,-2,NA,NA,NA,NA,NA,NA,14.4,-1,11.1,1,75.9,-1,68.3,-1,80,1,52,1,30.8641975308642,1,13.865671641791,1,2769.36052744887,-1,54.9747,-1,"9234485.70",929,0.528345095444331
25,"Paraíba",2512762,2011,2504,"Mata Paraibana",250421,"Sapé","Riachão do Poço",NA,NA,64.6172947483729,-1,NA,NA,NA,NA,NA,NA,0,2,12.6,1,98.7,3,84.9,1,69.2307692307692,-1,84.6153846153846,-2,32.5396825396825,1,28.3428571428571,-4,2768.00098790323,-1,53.0984,-1,"8582305.88",992,0.520979077272302
25,"Paraíba",2512788,2011,2502,"Borborema",250211,"Cariri Oriental","Riacho de Santo Antônio",NA,NA,63.1761051135571,-1,NA,NA,NA,NA,NA,NA,36.2,-4,27.3,-2,56.3,-3,72.7,-1,52,-2,96,-2,33.3333333333333,1,15.0882352941176,1,2954.98153996102,1,80.9316,3,"7154227.71",513,0.615325254319978
25,"Paraíba",2512804,2011,2501,"Sertão Paraibano",250101,"Catolé do Rocha","Riacho dos Cavalos",NA,NA,75.1542005738517,1,3.9,-1,2.5,-1,NA,NA,16.9,-2,20.2,-1,69.8,-1,77.8,1,83.7837837837838,1,51.3513513513513,1,43.719806763285,-2,17.1739130434783,-1,2163.25015189874,-1,66.8673,1,"11159312.03",1185,0.541276897629111
25,"Paraíba",2512903,2011,2504,"Mata Paraibana",250420,"Litoral Norte","Rio Tinto",NA,NA,74.5382726553976,1,4.1,1,2.7,-1,NA,NA,14,-1,21.7,-1,72.5,-1,75.1,-1,63.5036496350365,-1,69.3430656934307,-1,31.8930041152263,1,23.375,-2,2398.1673097431,-1,63.1993,1,"28237567.23",4126,0.589238015599791
25,"Paraíba",2513000,2011,2502,"Borborema",250208,"Seridó Ocidental Paraibano","Salgadinho",NA,NA,64.2775193544708,-1,NA,NA,NA,NA,NA,NA,4.9,1,15.8,1,82.9,1,73.7,-1,28.5714285714286,-3,78.5714285714286,-1,33.3333333333333,1,13.9821428571429,1,3140.85399744572,1,54.2314,-1,"8720466.70",783,0.537302392956799
25,"Paraíba",2513109,2011,2503,"Agreste Paraibano",250318,"Itabaiana","Salgado de São Félix",NA,NA,72.0336349555897,1,3.4,-1,2.9,-1,NA,NA,11.8,-1,19.6,-1,79.6,1,71.1,-1,71,-1,69,-1,35.3801169590643,-1,18.9850746268657,-1,2190.03356132076,-1,64.0942,1,"17650937.24",2544,0.566216211322458
25,"Paraíba",2513158,2011,2503,"Agreste Paraibano",250319,"Umbuzeiro","Santa Cecília",NA,NA,66.4594885613436,-1,NA,NA,2.1,-2,NA,NA,3.3,1,20.2,-1,53.1,-3,68.2,-1,95.4545454545455,2,90.9090909090909,-2,43.4343434343434,-2,21.0864197530864,-2,2377.05334309133,-1,57.3294,-1,"10889342.87",1708,0.626181987334154
25,"Paraíba",2513208,2011,2501,"Sertão Paraibano",250103,"Sousa","Santa Cruz",NA,NA,60.4713734229511,-2,4.9,2,3.3,1,NA,NA,4.8,1,8.3,2,87.7,2,81.6,1,73.469387755102,-1,46.9387755102041,1,39.3939393939394,-1,13.1551724137931,2,2875.11980366492,1,65.0331,1,"10501003.54",764,0.559407536074998
25,"Paraíba",2513307,2011,2501,"Sertão Paraibano",250102,"Cajazeiras","Santa Helena",NA,NA,66.7779410523609,-1,5.2,3,NA,NA,NA,NA,5,1,1.7,2,83.7,1,91.3,2,56.6037735849057,-2,58.4905660377358,1,35.6481481481481,-1,17.765625,-1,2262.2310114336,-1,66.8242,1,"10646158.41",1137,0.613106863732351
25,"Paraíba",2513356,2011,2501,"Sertão Paraibano",250106,"Itaporanga","Santa Inês",NA,NA,85.917991974074,3,NA,NA,3.2,1,NA,NA,16.4,-1,17.6,-1,83.6,1,81.3,1,91.6666666666667,2,50,1,41.2698412698413,-2,15.5365853658537,1,2454.21413580247,-1,NA,NA,"7216118.04",648,0.459628274416086
25,"Paraíba",2513406,2011,2502,"Borborema",250208,"Seridó Ocidental Paraibano","Santa Luzia",NA,NA,79.4967529134746,2,4.2,1,3.8,2,NA,NA,2.7,2,7,2,87.6,2,90.1,2,84,1,49.6,1,30.3030303030303,1,16.4895833333333,1,2768.38557801642,-1,58.032,-1,"19769831.02",1583,0.669165717525321
25,"Paraíba",2513703,2011,2504,"Mata Paraibana",250422,"João Pessoa","Santa Rita",NA,NA,70.1993924759749,1,4,1,3,1,NA,NA,10.1,-1,28,-2,79.6,1,63.5,-2,68.5224839400428,-1,56.3169164882227,1,28.1531531531532,2,18.9622641509434,-1,2891.98747223604,1,68.8956,1,"135905529.90",18099,0.62662197226088
25,"Paraíba",2513802,2011,2501,"Sertão Paraibano",250104,"Patos","Santa Teresinha",NA,NA,63.9997107664021,-1,NA,NA,4,3,NA,NA,5.1,1,8.2,2,88.7,2,88.6,2,73.9130434782609,-1,73.9130434782609,-1,37.8472222222222,-1,16,1,2868.12998822144,1,58.7087,-1,"8853512.53",849,0.636129644875231
25,"Paraíba",2513505,2011,2501,"Sertão Paraibano",250106,"Itaporanga","Santana de Mangueira",NA,NA,73.7516850955934,1,4.4,1,NA,NA,NA,NA,20.6,-2,9.1,1,73.5,-1,88.6,2,55.5555555555556,-2,62.962962962963,1,38.7037037037037,-1,12.4130434782609,2,2902.89294220666,1,50.391,-2,"9609201.51",1142,0.54767855513805
25,"Paraíba",2513604,2011,2501,"Sertão Paraibano",250105,"Piancó","Santana dos Garrotes",NA,NA,71.1753704788368,1,NA,NA,2.9,-1,NA,NA,11.1,-1,22,-1,84,1,69.9,-1,20.9302325581395,-4,32.5581395348837,2,28.2828282828283,2,12.4090909090909,2,2678.96535714286,-1,51.6078,-1,"9838951.30",1092,0.562165733002875
25,"Paraíba",2513653,2011,2501,"Sertão Paraibano",250102,"Cajazeiras","Santarém",NA,NA,51.8560954816288,-3,NA,NA,NA,NA,NA,NA,NA,NA,5,2,NA,NA,89.9,2,73.6842105263158,-1,84.2105263157895,-2,29.3650793650794,2,13.0595238095238,2,2674.94922515953,-1,51.8679,-1,"10599790.02",1097,0.605151926825234
25,"Paraíba",2513851,2011,2502,"Borborema",250211,"Cariri Oriental","Santo André",NA,NA,53.7602305638667,-2,NA,NA,2.5,-1,NA,NA,29.8,-3,17.5,-1,63.8,-2,82.5,1,86.6666666666667,1,86.6666666666667,-2,27.7777777777778,2,14.25,1,3484.08828460039,2,66.5035,1,"7359029.08",513,0.563990737504641
25,"Paraíba",2513927,2011,2501,"Sertão Paraibano",250103,"Sousa","São Bentinho",NA,NA,62.3971474265942,-1,NA,NA,NA,NA,NA,NA,8.1,1,14.5,1,88.2,2,77.3,1,94.4444444444444,2,66.6666666666667,-1,33.3333333333333,1,14.695652173913,1,3887.57828402367,2,53.7553,-1,"8941601.67",676,0.581144104647764
25,"Paraíba",2513901,2011,2501,"Sertão Paraibano",250101,"Catolé do Rocha","São Bento",NA,NA,52.2965550371771,-3,4.2,1,3.6,2,NA,NA,4,1,9.5,1,77.2,-1,81.7,1,83.3333333333333,1,58.974358974359,1,34.9537037037037,-1,24.9455445544554,-3,2592.81448501687,-1,59.9854,-1,"43087475.05",5039,0.612464960782138
25,"Paraíba",2513968,2011,2501,"Sertão Paraibano",250103,"Sousa","São Domingos",NA,NA,59.5923032414136,-2,NA,NA,NA,NA,NA,NA,NA,NA,8.9,1,NA,NA,86.6,2,42.8571428571429,-2,71.4285714285714,-1,30.5555555555556,1,18.1351351351351,-1,3494.43125186289,2,55.6013,-1,"8161495.90",671,NA
25,"Paraíba",2513943,2011,2502,"Borborema",250211,"Cariri Oriental","São Domingos do Cariri",NA,NA,63.2450380823015,-1,NA,NA,NA,NA,NA,NA,17.8,-2,14.7,1,75.4,-1,85.3,1,47.0588235294118,-2,88.2352941176471,-2,37.7777777777778,-1,12.9142857142857,2,3169.87871681416,1,NA,NA,"7198455.30",452,0.579792539173274
25,"Paraíba",2513984,2011,2501,"Sertão Paraibano",250103,"Sousa","São Francisco",NA,NA,57.337368677131,-2,NA,NA,NA,NA,NA,NA,5,1,9.7,1,93.4,2,84.5,1,95.2380952380952,2,80.9523809523809,-1,30,1,20.7352941176471,-2,2828.9809787234,1,65.7164,1,"9632785.16",705,0.619624119987431
25,"Paraíba",2514008,2011,2502,"Borborema",250211,"Cariri Oriental","São João do Cariri",NA,NA,64.2922163876197,-1,4.9,2,3.3,1,NA,NA,12.9,-1,10,1,77.9,-1,84.7,1,80,1,65,-1,35.042735042735,-1,8.58333333333333,3,4122.17694174757,3,68.8534,1,"7949274.98",412,0.613873951708075
25,"Paraíba",2500700,2011,2501,"Sertão Paraibano",250102,"Cajazeiras","São João do Rio do Peixe",NA,NA,66.4013666679679,-1,3.9,-1,2.7,-1,NA,NA,11,-1,25.9,-2,78.2,-1,64.7,-2,44.1624365482233,-2,47.7157360406091,1,39.3939393939394,-1,19.3986928104575,-1,2287.98149932615,-1,62.6122,1,"22673906.40",2968,0.579626800019864
25,"Paraíba",2514107,2011,2502,"Borborema",250210,"Cariri Ocidental","São João do Tigre",NA,NA,58.1436455389323,-2,NA,NA,3.7,2,NA,NA,8.7,1,22.3,-1,89.6,2,71.8,-1,77.7777777777778,1,38.8888888888889,2,31.6666666666667,1,16,1,2971.25385245902,1,50.7907,-2,"9365700.71",976,0.58988551982274
25,"Paraíba",2514206,2011,2501,"Sertão Paraibano",250103,"Sousa","São José da Lagoa Tapada",NA,NA,72.6010317588157,1,4.2,1,3.3,1,NA,NA,7.9,1,13,1,87.1,1,87,2,81.0810810810811,1,70.2702702702703,-1,42.0634920634921,-2,16.796875,1,3036.84480930233,1,48.5318,-2,"12239741.35",1075,0.556228179943873
25,"Paraíba",2514305,2011,2501,"Sertão Paraibano",250106,"Itaporanga","São José de Caiana",NA,NA,67.1103340330374,-1,3.5,-1,3.1,1,NA,NA,16.6,-2,25.4,-2,75.9,-1,73.5,-1,35.1351351351351,-3,83.7837837837838,-2,44.8717948717949,-2,16.1323529411765,1,2967.48783044667,1,45.2374,-2,"10675257.32",1097,0.454391326183652
25,"Paraíba",2514404,2011,2501,"Sertão Paraibano",250104,"Patos","São José de Espinharas",NA,NA,76.0986105995919,1,NA,NA,3.6,2,NA,NA,1.8,2,6.5,2,89.9,2,86,1,76.9230769230769,1,92.3076923076923,-2,35.7638888888889,-1,12.044776119403,2,3299.42312267658,1,49.8453,-2,"8977435.14",807,0.605062763102943
25,"Paraíba",2514503,2011,2501,"Sertão Paraibano",250102,"Cajazeiras","São José de Piranhas",NA,NA,66.6424251700618,-1,3.9,-1,2.4,-2,NA,NA,13.5,-1,20.1,-1,69.2,-2,71.4,-1,68.0851063829787,-1,58.1560283687943,1,41.0430839002268,-2,15.7324840764331,1,2224.74011726648,-1,63.8611,1,"23612442.30",2473,0.597473482783549
25,"Paraíba",2514552,2011,2501,"Sertão Paraibano",250107,"Serra do Teixeira","São José de Princesa",NA,NA,66.8575404531276,-1,NA,NA,3.4,1,NA,NA,7.9,1,11.1,1,87.4,2,72.2,-1,73.6842105263158,-1,68.4210526315789,-1,42.2222222222222,-2,11.7045454545455,2,4247.58186407767,3,NA,NA,"7889143.28",515,0.520049739493988
25,"Paraíba",2514602,2011,2501,"Sertão Paraibano",250104,"Patos","São José do Bonfim",NA,NA,60.3724598393562,-2,NA,NA,NA,NA,NA,NA,NA,NA,6.8,2,NA,NA,87.3,2,86.6666666666667,1,100,-3,41.6666666666667,-2,13.5510204081633,1,3258.07298192771,1,53.5341,-1,"7796505.46",664,0.596181377869871
25,"Paraíba",2514651,2011,2501,"Sertão Paraibano",250101,"Catolé do Rocha","São José do Brejo do Cruz",NA,NA,64.549969865307,-1,NA,NA,NA,NA,NA,NA,0,2,14.1,1,89.7,2,84.5,1,46.1538461538462,-2,92.3076923076923,-2,31.4814814814815,1,18.037037037037,-1,3593.53059548255,2,65.8385,1,"7298331.82",487,0.608702039291956
25,"Paraíba",2514701,2011,2502,"Borborema",250208,"Seridó Ocidental Paraibano","São José do Sabugi",NA,NA,78.3649597890692,2,NA,NA,3.6,2,NA,NA,8.1,1,5.6,2,88.2,2,93.3,2,85,1,60,1,37.037037037037,-1,14.7674418604651,1,3868.51577952756,2,50.1107,-2,"8693755.60",635,0.678232224101562
25,"Paraíba",2514800,2011,2502,"Borborema",250210,"Cariri Ocidental","São José dos Cordeiros",NA,NA,74.6000679069183,1,4.4,1,3.2,1,NA,NA,4.9,1,10.6,1,81,1,69.7,-1,35,-3,55,1,38.5416666666667,-1,13.0285714285714,2,3367.47081140351,1,NA,NA,"7743782.04",456,0.524317152167956
25,"Paraíba",2514453,2011,2504,"Mata Paraibana",250421,"Sapé","São José dos Ramos",NA,NA,62.3601464599005,-1,NA,NA,NA,NA,NA,NA,22.3,-2,17.9,-1,73.6,-1,81.7,1,65.625,-1,87.5,-2,30.9523809523809,1,19.0666666666667,-1,2785.86579545454,-1,51.0525,-2,"10090122.50",1144,0.545708651444817
25,"Paraíba",2514909,2011,2502,"Borborema",250208,"Seridó Ocidental Paraibano","São Mamede",NA,NA,72.7590315095495,1,4.3,1,3.4,1,NA,NA,3.4,1,8.7,1,82.8,1,82.7,1,54.8387096774194,-2,61.2903225806452,1,36.1111111111111,-1,14.6666666666667,1,2275.63966233766,-1,71.8547,2,"11599838.87",1540,0.632272947310497
25,"Paraíba",2515005,2011,2504,"Mata Paraibana",250421,"Sapé","São Miguel de Taipu",NA,NA,70.3951935821299,1,NA,NA,3,1,NA,NA,13.2,-1,23.7,-1,74.9,-1,75.7,-1,86.4864864864865,1,70.2702702702703,-1,37.5,-1,18.4270833333333,-1,2208.91084745763,-1,63.0995,1,"10206565.47",1770,0.491624804892432
25,"Paraíba",2515104,2011,2503,"Agreste Paraibano",250314,"Esperança","São Sebastião de Lagoa de Roça",NA,NA,80.4254580569384,2,4.1,1,3.4,1,NA,NA,9.6,1,15.6,1,78.8,1,81.8,1,97.2972972972973,2,51.3513513513513,1,40.0584795321637,-1,20.2843137254902,-1,2396.43861768971,-1,62.9863,1,"15768112.69",2069,0.630790791191165
25,"Paraíba",2515203,2011,2502,"Borborema",250210,"Cariri Ocidental","São Sebastião do Umbuzeiro",NA,NA,69.6818524047079,1,4.7,2,3.5,2,NA,NA,3.5,1,4.5,2,82.5,1,80.6,1,73.9130434782609,-1,52.1739130434783,1,36.6666666666667,-1,15.0606060606061,1,3965.49939637827,2,57.3272,-1,"7775987.80",497,NA
25,"Paraíba",2515302,2011,2504,"Mata Paraibana",250421,"Sapé","Sapé",NA,NA,76.34871434848,2,3.8,-1,2.7,-1,NA,NA,12.1,-1,21,-1,74.8,-1,73.9,-1,81.7757009345794,1,52.3364485981308,1,32.0833333333333,1,22.8628762541806,-2,2070.03576541046,-2,75.5542,2,"57565632.54",6846,0.552143008587474
25,"Paraíba",2515401,2011,2502,"Borborema",250209,"Seridó Oriental Paraibano","Seridó",NA,NA,70.9180931736936,1,4,1,3.1,1,NA,NA,6.4,1,13.5,1,78.2,-1,74.8,-1,86.9565217391304,1,63.0434782608696,1,37.7777777777778,-1,15.4677419354839,1,2210.86370833333,-1,64.0577,1,NA,1920,NA
25,"Paraíba",2515500,2011,2502,"Borborema",250210,"Cariri Ocidental","Serra Branca",NA,NA,75.8423429512547,1,3.9,-1,3,1,NA,NA,5.5,1,5.8,2,74.3,-1,88.7,2,88.7323943661972,1,43.6619718309859,2,35,-1,16.7065217391304,1,2283.28236174366,-1,64.4286,1,"16598389.33",1537,0.606251674404799
25,"Paraíba",2515609,2011,2503,"Agreste Paraibano",250316,"Guarabira","Serra da Raiz",NA,NA,55.542283884365,-2,4,1,2.7,-1,NA,NA,11.7,-1,22.8,-1,83.2,1,71.7,-1,50,-2,65.3846153846154,-1,30.8641975308642,1,13.5833333333333,1,4747.28419222904,4,46.529,-2,"7965051.23",489,0.520952247781423
25,"Paraíba",2515708,2011,2501,"Sertão Paraibano",250106,"Itaporanga","Serra Grande",NA,NA,60.9339315318226,-2,5.3,3,NA,NA,NA,NA,4.1,1,7.8,2,95.9,3,88.8,2,93.3333333333333,2,53.3333333333333,1,43.2098765432099,-2,17.8974358974359,-1,1874.05544412607,-2,100,4,"8001596.19",698,0.578428020627343
25,"Paraíba",2515807,2011,2503,"Agreste Paraibano",250317,"Campina Grande","Serra Redonda",NA,NA,80.7856820786742,2,NA,NA,1.7,-3,NA,NA,27.6,-3,22.1,-1,57.4,-3,73.8,-1,87.5,1,87.5,-2,35.9649122807018,-1,12.05,2,2924.14995020747,1,46.3889,-2,"9737208.46",1205,0.548771907728126
25,"Paraíba",2515906,2011,2503,"Agreste Paraibano",250315,"Brejo Paraibano","Serraria",NA,NA,74.4969456149061,1,3.9,-1,2.3,-2,NA,NA,19.2,-2,26.3,-2,69.6,-2,70.3,-1,57.5757575757576,-2,69.6969696969697,-1,37.5,-1,16.7962962962963,1,2933.43512679162,1,56.751,-1,"9043033.64",907,0.527035267063592
25,"Paraíba",2515930,2011,2503,"Agreste Paraibano",250316,"Guarabira","Sertãozinho",NA,NA,72.7960996851035,1,NA,NA,NA,NA,NA,NA,6.6,1,5.5,2,84.4,1,91.7,2,61.1111111111111,-1,86.1111111111111,-2,34.3434343434343,1,17.1272727272727,-1,2886.90979915434,1,53.4931,-1,"9562000.04",946,0.629420078681832
25,"Paraíba",2515971,2011,2504,"Mata Paraibana",250421,"Sapé","Sobrado",NA,NA,66.332735310536,-1,NA,NA,NA,NA,NA,NA,17,-2,9.9,1,65.1,-2,65.6,-2,100,2,70,-1,31.8518518518518,1,18.3975903614458,-1,2757.36147155003,-1,52.1408,-1,"11174450.07",1529,0.617258549240112
25,"Paraíba",2516003,2011,2503,"Agreste Paraibano",250313,"Curimataú Oriental","Solânea",NA,NA,78.0469379287643,2,3.5,-1,3,1,NA,NA,12.3,-1,26.2,-2,73.2,-1,62.5,-2,73.7864077669903,-1,41.747572815534,2,38.5802469135803,-1,18.0833333333333,-1,2652.04933857414,-1,59.2008,-1,"27676404.80",3689,0.619732988728193
25,"Paraíba",2516102,2011,2503,"Agreste Paraibano",250312,"Curimataú Ocidental","Soledade",NA,NA,76.1651006641725,1,4.3,1,2.4,-2,NA,NA,6.3,1,7.1,2,76.4,-1,86.3,2,73.5294117647059,-1,69.1176470588235,-1,40.8212560386473,-2,16.6390977443609,1,2412.5950384094,-1,60.586,-1,"21719135.09",2213,0.587649223444067
25,"Paraíba",2516151,2011,2503,"Agreste Paraibano",250312,"Curimataú Ocidental","Sossêgo",NA,NA,66.4335289053532,-1,NA,NA,3,1,NA,NA,9.6,1,21.7,-1,79.4,1,70.5,-1,86.9565217391304,1,82.6086956521739,-2,33.3333333333333,1,14.953488372093,1,3371.62419254659,1,61.7219,1,"7635691.20",644,0.578681131716189
25,"Paraíba",2516201,2011,2501,"Sertão Paraibano",250103,"Sousa","Sousa",NA,NA,72.0185442685895,1,4.3,1,3,1,NA,NA,9.1,1,20.1,-1,77.3,-1,67.8,-2,81.9512195121951,1,52.1951219512195,1,33.8095238095238,1,16.6961130742049,1,2621.91714497354,-1,62.2266,1,"75028066.69",4725,0.597821262915496
25,"Paraíba",2516300,2011,2502,"Borborema",250210,"Cariri Ocidental","Sumé",NA,NA,63.0251579230661,-1,3.5,-1,2.2,-2,NA,NA,10.5,-1,8.5,1,64.8,-2,72.3,-1,73.1481481481482,-1,45.3703703703704,2,30.7407407407407,1,18.4823529411765,-1,2789.430598345,1,58.9136,-1,"27651471.20",1571,0.632690072392287
25,"Paraíba",2516409,2011,2503,"Agreste Paraibano",250313,"Curimataú Oriental","Tacima",NA,NA,70.7260350246572,1,3.4,-1,3.3,1,NA,NA,4.1,1,12.5,1,86.4,1,82.7,1,66.6666666666667,-1,69.6969696969697,-1,31.1111111111111,1,17.2959183673469,-1,2589.63331563422,-1,55.1011,-1,NA,1695,NA
25,"Paraíba",2516508,2011,2502,"Borborema",250210,"Cariri Ocidental","Taperoá",NA,NA,78.0654607881071,2,4.4,1,3.2,1,NA,NA,9.8,1,25.6,-2,75.6,-1,62.7,-2,63.5036496350365,-1,62.7737226277372,1,33.179012345679,1,14.3606557377049,1,2868.70091894977,1,51.4649,-1,"20612937.70",1752,0.598587166980921
25,"Paraíba",2516607,2011,2501,"Sertão Paraibano",250107,"Serra do Teixeira","Tavares",NA,NA,84.5359587788425,3,4.4,1,3.3,1,NA,NA,3.9,1,16.3,-1,84.8,1,69.8,-1,48.75,-2,38.75,2,38.0116959064327,-1,18.2666666666667,-1,2323.1293430657,-1,65.7473,1,"19395133.54",2740,0.566801280607489
25,"Paraíba",2516706,2011,2501,"Sertão Paraibano",250107,"Serra do Teixeira","Teixeira",NA,NA,79.3191631248958,2,3.4,-1,4,3,NA,NA,2.6,2,10.2,1,79.7,1,86,1,80.7692307692308,1,48.7179487179487,1,40.6565656565657,-2,18.8515625,-1,2650.55362054681,-1,57.4747,-1,"18573427.79",2414,0.615632814632875
25,"Paraíba",2516755,2011,2502,"Borborema",250209,"Seridó Oriental Paraibano","Tenório",NA,NA,62.984386809366,-1,NA,NA,NA,NA,NA,NA,NA,NA,27.9,-2,NA,NA,69,-1,100,2,77.7777777777778,-1,41.1111111111111,-2,12.9814814814815,2,3331.05807417974,1,54.9823,-1,"8140719.89",701,0.579706994444629
25,"Paraíba",2516805,2011,2501,"Sertão Paraibano",250102,"Cajazeiras","Triunfo",NA,NA,66.2884729363951,-1,3.7,-1,3.7,2,NA,NA,5.9,1,12.1,1,80.7,1,85.6,1,47.6923076923077,-2,53.8461538461538,1,40.1515151515151,-2,13.3265306122449,1,2838.70767993874,1,48.7006,-2,"12429832.32",1306,NA
25,"Paraíba",2516904,2011,2501,"Sertão Paraibano",250102,"Cajazeiras","Uiraúna",NA,NA,74.1583231818707,1,4,1,3,1,NA,NA,12.1,-1,13.8,1,80.6,1,83,1,64.5161290322581,-1,20.1612903225807,3,33.0808080808081,1,15.9685039370079,1,2283.01785009862,-1,60.5767,-1,"19215150.15",2028,0.594845018031541
25,"Paraíba",2517001,2011,2503,"Agreste Paraibano",250319,"Umbuzeiro","Umbuzeiro",NA,NA,71.712893020523,1,4.6,2,4.3,3,NA,NA,4.4,1,11.2,1,87.1,1,86.2,2,76.1904761904762,1,50,1,44.047619047619,-2,17.7753623188406,-1,2098.05351814105,-2,63.3649,1,"14755822.46",2453,0.643615251769819
25,"Paraíba",2517100,2011,2502,"Borborema",250208,"Seridó Ocidental Paraibano","Várzea",NA,NA,53.9123554643881,-2,NA,NA,NA,NA,NA,NA,2.2,2,14.9,1,95.6,2,72.8,-1,86.6666666666667,1,20,3,37.962962962963,-1,13.6923076923077,1,2900.03488764045,1,100,4,"7892719.52",534,0.678962626386414
25,"Paraíba",2517209,2011,2501,"Sertão Paraibano",250103,"Sousa","Vieirópolis",NA,NA,59.6625398963997,-2,NA,NA,NA,NA,NA,NA,27.4,-3,21.7,-1,64.4,-2,63.5,-2,100,2,73.3333333333333,-1,33.3333333333333,1,12.3939393939394,2,3395.15938875306,1,48.9307,-2,"8804113.30",818,0.591346861984899
25,"Paraíba",2505501,2011,2501,"Sertão Paraibano",250103,"Sousa","Vista Serrana",NA,NA,74.3266782925913,1,NA,NA,2.7,-1,NA,NA,18.5,-2,8.5,1,70.9,-1,91.5,2,90,1,65,-1,37.037037037037,-1,18.1111111111111,-1,3322.63333333334,1,NA,NA,"7222263.24",489,0.561714288866077
25,"Paraíba",2517407,2011,2502,"Borborema",250210,"Cariri Ocidental","Zabelê",NA,NA,47.3568818945828,-3,NA,NA,4,3,NA,NA,1.7,2,11.1,1,96.7,3,88.9,2,90.9090909090909,1,36.3636363636364,2,11.1111111111111,4,13.3703703703704,1,3255.87905817174,1,96.5923,4,"7087931.22",361,0.570029177390586
