"COD_UF","NOME_UF","COD_MUNICIPIO","ANO","COD_MESO","NOME_MESO","COD_MICRO","NOME_MICRO","NOME_MUNICIPIO","INDICADOR_329","DESVIOS_PIOR_INDICADOR_329","INDICADOR_62","DESVIOS_MELHOR_INDICADOR_62","INDICADOR_199","DESVIOS_MELHOR_INDICADOR_199","INDICADOR_200","DESVIOS_MELHOR_INDICADOR_200","INDICADOR_333","DESVIOS_MELHOR_INDICADOR_333","INDICADOR_181","DESVIOS_PIOR_INDICADOR_181","INDICADOR_182","DESVIOS_PIOR_INDICADOR_182","INDICADOR_188","DESVIOS_MELHOR_INDICADOR_188","INDICADOR_189","DESVIOS_MELHOR_INDICADOR_189","INDICADOR_289","DESVIOS_MELHOR_INDICADOR_289","INDICADOR_290","DESVIOS_PIOR_INDICADOR_290","INDICADOR_202","DESVIOS_PIOR_INDICADOR_202","INDICADOR_184","DESVIOS_PIOR_INDICADOR_184","INDICADOR_7","DESVIOS_NEUTRO_INDICADOR_7","INDICADOR_201","DESVIOS_MELHOR_INDICADOR_201","receita","numero.matriculas","IFDM"
25,"Paraíba",2500106,2011,2501,"Sertão Paraibano",250107,"Serra do Teixeira","Água Branca",NA,NA,68.3589999603963,-1,4.5,2,4.1,2,NA,NA,2.2,2,NA,NA,90.7,2,NA,NA,55.6701030927835,-1,32.9896907216495,-1,32.6388888888889,1,20.9896907216495,-2,1967.69916994106,-2,0.755682,2,"13883623.18",2036,0.569221001805616
25,"Paraíba",2500205,2011,2501,"Sertão Paraibano",250105,"Piancó","Aguiar",NA,NA,63.9887455873325,-1,3.8,-1,3.5,1,NA,NA,5.7,1,28.1,-2,87,1,68.8,-1,45.7446808510638,-1,73.4042553191489,-4,45.6989247311828,-3,10.5212765957447,2,2973.99194752775,1,NA,NA,"10305673.85",991,0.560721312374741
25,"Paraíba",2500304,2011,2503,"Agreste Paraibano",250315,"Brejo Paraibano","Alagoa Grande",NA,NA,74.8012318148054,1,3.3,-2,3.2,1,NA,NA,7.8,-1,NA,NA,67.7,-3,NA,NA,52.6881720430108,-1,29.3906810035842,-1,39.1414141414141,-1,18.752688172043,-1,2424.30300649847,-1,0.622161,1,"37137938.64",5232,0.591376098284881
25,"Paraíba",2500403,2011,2503,"Agreste Paraibano",250315,"Brejo Paraibano","Alagoa Nova",NA,NA,71.895902160153,1,3.3,-2,2.8,-1,NA,NA,4.8,1,NA,NA,73.4,-2,NA,NA,77.0114942528736,1,2.87356321839081,2,40.6565656565657,-2,20.1436781609195,-1,2287.39047360913,-1,0.667654,1,"26592113.01",3505,0.583521015546026
25,"Paraíba",2500502,2011,2503,"Agreste Paraibano",250316,"Guarabira","Alagoinha",NA,NA,77.7152756289284,2,3.6,-1,3.5,1,NA,NA,6.5,-1,NA,NA,82.2,1,NA,NA,75.9615384615385,1,5.76923076923077,1,36.7283950617284,-1,22.3942307692308,-2,2321.73171747531,-1,0.621118,1,"18879588.26",2329,0.588932404868108
25,"Paraíba",2500536,2011,2502,"Borborema",250211,"Cariri Oriental","Alcantil",NA,NA,56.2740791708998,-2,3.9,1,3.7,2,NA,NA,2.9,1,NA,NA,85.3,1,NA,NA,46.6666666666667,-1,6.66666666666667,1,37.037037037037,-1,16.6333333333333,1,3034.01804609218,1,0.535943,-1,"9544957.90",998,0.601436128978119
25,"Paraíba",2500577,2011,2503,"Agreste Paraibano",250312,"Curimataú Ocidental","Algodão de Jandaíra",NA,NA,61.3450984692073,-1,3.6,-1,3.1,-1,NA,NA,8.3,-1,NA,NA,79.9,-1,NA,NA,80.4878048780488,1,9.7560975609756,1,35.1851851851852,-1,19.4634146341463,-1,2742.34324561404,-1,NA,NA,"8171604.89",798,0.579977805070005
25,"Paraíba",2500601,2011,2504,"Mata Paraibana",250423,"Litoral Sul","Alhandra",NA,NA,59.1003925948953,-2,3.1,-2,2.9,-1,NA,NA,5.5,1,NA,NA,80.7,-1,NA,NA,43.4285714285714,-2,24.5714285714286,-1,31.3888888888889,1,17.9485714285714,-1,3673.71454227591,2,0.439343,-2,"38650341.51",3146,0.639466719784141
25,"Paraíba",2500734,2011,2502,"Borborema",250210,"Cariri Ocidental","Amparo",NA,NA,59.8770713830321,-2,4.1,1,3.6,1,NA,NA,4.9,1,NA,NA,86.6,1,NA,NA,17.0731707317073,-3,4.8780487804878,1,22.2222222222222,3,12.1951219512195,2,3353.28484,1,0.668938,1,"7693035.91",500,0.547443336581728
25,"Paraíba",2500775,2011,2501,"Sertão Paraibano",250103,"Sousa","Aparecida",NA,NA,70.5502216630385,1,3.9,1,4.1,2,NA,NA,2.4,2,NA,NA,86.3,1,NA,NA,74.468085106383,1,36.1702127659574,-1,38.562091503268,-1,13.6595744680851,1,2789.22554085603,1,0.575937,-1,"10023043.08",1285,0.551760388689351
25,"Paraíba",2500809,2011,2503,"Agreste Paraibano",250316,"Guarabira","Araçagi",NA,NA,75.1431834632719,1,2.9,-2,2.9,-1,NA,NA,12.2,-2,NA,NA,73.3,-2,NA,NA,47.4137931034483,-1,2.15517241379311,2,32.6797385620915,1,12.9956896551724,2,2825.5009367759,1,0.52656,-1,"22311778.22",3021,0.556714214398096
25,"Paraíba",2500908,2011,2503,"Agreste Paraibano",250312,"Curimataú Ocidental","Arara",NA,NA,72.7556649264906,1,3.8,-1,NA,NA,NA,NA,22.3,-4,12.2,1,63.9,-3,85.1,1,67.3469387755102,1,30.6122448979592,-1,32.962962962963,1,20.8061224489796,-2,2381.75846983816,-1,0.561682,-1,"15208331.07",2039,0.532363673810597
25,"Paraíba",2501005,2011,2503,"Agreste Paraibano",250313,"Curimataú Oriental","Araruna",NA,NA,75.0190882108481,1,3.5,-1,2.9,-1,NA,NA,3.8,1,NA,NA,87.7,2,NA,NA,62.7659574468085,1,5.31914893617021,1,32.3361823361823,1,18.6436170212766,-1,2186.36210886292,-1,0.697957,1,"25060041.02",3509,0.608969063042481
25,"Paraíba",2501104,2011,2503,"Agreste Paraibano",250315,"Brejo Paraibano","Areia",NA,NA,72.9173876360677,1,3.1,-2,NA,NA,NA,NA,6.1,-1,NA,NA,79.8,-1,NA,NA,70.0564971751412,1,10.1694915254237,1,36.8055555555556,-1,18.1864406779661,-1,2811.94540540541,1,NA,NA,"26322595.74",3219,0.565549066715933
25,"Paraíba",2501153,2011,2501,"Sertão Paraibano",250104,"Patos","Areia de Baraúnas",NA,NA,58.7082966980718,-2,NA,NA,2.8,-1,NA,NA,8,-1,NA,NA,81.1,1,NA,NA,68.5714285714286,1,0,2,36.5740740740741,-1,12.3714285714286,2,4339.96321016166,3,0.496496,-2,"7610611.16",433,0.61167131071315
25,"Paraíba",2501203,2011,2503,"Agreste Paraibano",250314,"Esperança","Areial",NA,NA,78.1695148668057,2,4.8,2,3.4,1,NA,NA,0.8,2,NA,NA,87.6,2,NA,NA,87.1428571428571,2,2.85714285714286,2,32.6388888888889,1,20.9714285714286,-2,2102.10948228883,-2,0.775567,2,"9966892.34",1468,0.644566106343872
25,"Paraíba",2501302,2011,2503,"Agreste Paraibano",250319,"Umbuzeiro","Aroeiras",NA,NA,79.8789998175312,2,3.7,-1,2.9,-1,NA,NA,9.5,-2,NA,NA,78.9,-1,NA,NA,35.474006116208,-2,49.8470948012233,-2,40.3030303030303,-2,14.0764525993884,1,2301.71800999348,-1,0.643547,1,"26063080.24",4603,0.58112
25,"Paraíba",2501351,2011,2502,"Borborema",250210,"Cariri Ocidental","Assunção",NA,NA,71.0283954002964,1,3.9,1,3.3,1,NA,NA,3.4,1,NA,NA,77.2,-1,NA,NA,83.0188679245283,2,35.8490566037736,-1,35.4166666666667,-1,16.7169811320755,1,2787.51542889391,1,0.596791,-1,"8229590.93",886,0.611329599224993
25,"Paraíba",2501401,2011,2504,"Mata Paraibana",250420,"Litoral Norte","Baía da Traição",NA,NA,72.1984987603819,1,4.6,2,3.6,1,NA,NA,3.6,1,NA,NA,86.2,1,NA,NA,91.7808219178082,2,57.5342465753425,-3,30.3418803418803,1,13.7876712328767,1,2463.82099354198,-1,0.589911,-1,"12857591.70",2013,0.560286176668513
25,"Paraíba",2501500,2011,2503,"Agreste Paraibano",250315,"Brejo Paraibano","Bananeiras",NA,NA,74.6778735711493,1,4.1,1,3.6,1,NA,NA,6.4,-1,NA,NA,84.5,1,NA,NA,55.327868852459,-1,11.0655737704918,1,37.2222222222222,-1,17.3032786885246,-1,2388.90788065356,-1,0.649379,1,"31001615.77",4223,0.592167786149667
25,"Paraíba",2501534,2011,2502,"Borborema",250209,"Seridó Oriental Paraibano","Baraúna",NA,NA,62.9360818730189,-1,4.7,2,2.9,-1,NA,NA,7.8,-1,NA,NA,76.2,-1,NA,NA,85.7142857142857,2,9.52380952380952,1,36.1111111111111,-1,24.8333333333333,-3,2622.04558005753,-1,0.590968,-1,"8924089.38",1043,0.623995111017922
25,"Paraíba",2501708,2011,2502,"Borborema",250211,"Cariri Oriental","Barra de São Miguel",NA,NA,62.5125084419703,-1,4.8,2,3.9,2,NA,NA,9.3,-2,NA,NA,87.4,2,NA,NA,19.5876288659794,-3,70.1030927835052,-3,32.5396825396825,1,13.6907216494845,1,2414.66676957831,-1,0.583527,-1,"21060661.37",2822,0.604500275106728
25,"Paraíba",2501609,2011,2503,"Agreste Paraibano",250312,"Curimataú Ocidental","Barra de Santa Rosa",NA,NA,75.6398141697843,1,4.5,2,2.8,-1,NA,NA,8,-1,NA,NA,69.2,-2,NA,NA,79.7202797202797,1,6.29370629370629,1,34.8888888888889,1,19.7272727272727,-1,2947.18040396882,1,0.523816,-1,"13229695.43",1759,0.619710059414297
25,"Paraíba",2501575,2011,2502,"Borborema",250211,"Cariri Oriental","Barra de Santana",NA,NA,66.2769126802823,-1,3.9,1,2.8,-1,NA,NA,3.9,1,2.5,2,85.5,1,90.8,1,90.0826446280992,2,22.3140495867769,-1,40.9090909090909,-2,14.5371900826446,1,2704.35449118818,-1,0.566372,-1,"9892006.78",1328,0.54265116801207
25,"Paraíba",2501807,2011,2504,"Mata Paraibana",250422,"João Pessoa","Bayeux",NA,NA,87.8011972579265,3,4,1,3.4,1,NA,NA,4.3,1,42.6,-3,84.9,1,56.2,-2,70.92866756393,1,58.6810228802153,-3,22.6984126984127,3,14.4656796769852,1,2276.37687796264,-1,0.730484,2,"87917879.46",10759,0.600481930965733
25,"Paraíba",2501906,2011,2503,"Agreste Paraibano",250316,"Guarabira","Belém",NA,NA,75.1071480870376,1,3.9,1,2.9,-1,NA,NA,6.9,-1,NA,NA,78,-1,NA,NA,34.8571428571429,-2,45.7142857142857,-2,32.7777777777778,1,13.5828571428571,1,2779.77261874738,-1,0.570606,-1,"27352899.47",2379,0.626962696910067
25,"Paraíba",2502003,2011,2501,"Sertão Paraibano",250101,"Catolé do Rocha","Belém do Brejo do Cruz",NA,NA,67.1734956802832,-1,3.7,-1,3.3,1,NA,NA,6.5,-1,NA,NA,80.5,-1,NA,NA,58.0645161290323,-1,24.1935483870968,-1,35.8585858585859,-1,17.258064516129,-1,2697.45581308411,-1,0.544549,-1,"10519902.15",1070,0.571056150140863
25,"Paraíba",2502052,2011,2501,"Sertão Paraibano",250102,"Cajazeiras","Bernardino Batista",NA,NA,50.3147759913855,-3,4.5,2,3.2,1,NA,NA,5.5,1,NA,NA,82.4,1,NA,NA,32.0512820512821,-2,20.5128205128205,-1,42.0634920634921,-2,15.3333333333333,1,2423.85549331104,-1,0.584877,-1,"9501293.47",1196,0.563047225097958
25,"Paraíba",2502102,2011,2501,"Sertão Paraibano",250106,"Itaporanga","Boa Ventura",NA,NA,67.2065572981104,-1,NA,NA,2.7,-1,NA,NA,7.8,-1,NA,NA,81.9,1,NA,NA,50.6666666666667,-1,10.6666666666667,1,38.562091503268,-1,10.3866666666667,2,3227.47806161746,1,0.497945,-2,"8137596.32",779,0.479886085995643
25,"Paraíba",2502151,2011,2503,"Agreste Paraibano",250317,"Campina Grande","Boa Vista",NA,NA,64.084305118803,-1,4.6,2,2.7,-1,NA,NA,5,1,NA,NA,77,-1,NA,NA,60.8695652173913,-1,17.3913043478261,1,32.1428571428571,1,17.536231884058,-1,3530.78420661157,2,0.467454,-2,"14663362.94",1210,0.614805822408932
25,"Paraíba",2502201,2011,2501,"Sertão Paraibano",250102,"Cajazeiras","Bom Jesus",NA,NA,68.4031108790723,-1,3.8,-1,3.6,1,NA,NA,3,1,NA,NA,83.2,1,NA,NA,77.7777777777778,1,0,2,38.0952380952381,-1,28.7777777777778,-4,2934.70097812098,1,0.589127,-1,"9382533.62",777,0.542030825469064
25,"Paraíba",2502300,2011,2501,"Sertão Paraibano",250101,"Catolé do Rocha","Bom Sucesso",NA,NA,68.8788433503172,1,3.8,-1,NA,NA,NA,NA,4.5,1,NA,NA,83.9,1,NA,NA,69.5652173913043,1,0,2,31.1111111111111,1,11.6086956521739,2,4093.81498127341,3,0.532253,-1,"8689641.78",534,0.544503757939667
25,"Paraíba",2502409,2011,2501,"Sertão Paraibano",250102,"Cajazeiras","Bonito de Santa Fé",NA,NA,72.4061974658877,1,3.6,-1,NA,NA,NA,NA,6.3,-1,NA,NA,79.3,-1,NA,NA,43.2203389830509,-2,36.4406779661017,-1,41.1522633744856,-2,13,2,2843.50349837134,1,0.455565,-2,"15945018.95",1535,0.580788509376208
25,"Paraíba",2502508,2011,2502,"Borborema",250211,"Cariri Oriental","Boqueirão",NA,NA,70.9335220481248,1,3.7,-1,3.4,1,NA,NA,5.5,1,NA,NA,79.7,-1,NA,NA,47.0873786407767,-1,46.6019417475728,-2,41.6666666666667,-2,13.6504854368932,1,2448.61656116643,-1,0.635399,1,"21597472.45",2812,0.589104089870237
25,"Paraíba",2502706,2011,2503,"Agreste Paraibano",250315,"Brejo Paraibano","Borborema",NA,NA,74.4282069718056,1,3.6,-1,3.2,1,NA,NA,7.2,-1,NA,NA,84.6,1,NA,NA,48,-1,0,2,33.3333333333333,1,20.1,-1,2585.96271825397,-1,0.559856,-1,"8945942.96",1008,0.548509182371033
25,"Paraíba",2502805,2011,2501,"Sertão Paraibano",250101,"Catolé do Rocha","Brejo do Cruz",NA,NA,62.0078737886524,-1,4,1,3.4,1,NA,NA,3.8,1,NA,NA,81.8,1,NA,NA,61.2068965517241,-1,13.7931034482759,1,38.562091503268,-1,17.2241379310345,-1,2473.8685985986,-1,0.61891,1,"17644159.29",1998,0.560281350123971
25,"Paraíba",2502904,2011,2501,"Sertão Paraibano",250101,"Catolé do Rocha","Brejo dos Santos",NA,NA,70.4649955384078,1,4.6,2,3,-1,NA,NA,2.9,1,NA,NA,88.4,2,NA,NA,53.2258064516129,-1,19.3548387096774,1,33.9506172839506,1,14.4193548387097,1,2757.7827852349,-1,0.607258,1,"9550310.07",894,0.522856899678318
25,"Paraíba",2503001,2011,2504,"Mata Paraibana",250423,"Litoral Sul","Caaporã",NA,NA,76.7526139456401,2,3.4,-1,2.8,-1,NA,NA,5.3,1,NA,NA,73.2,-2,NA,NA,79.2592592592593,1,18.1481481481482,1,27.5132275132275,2,19.1666666666667,-1,2445.52822745704,-1,0.643929,1,"39783780.94",5179,0.560139888150991
25,"Paraíba",2503100,2011,2502,"Borborema",250211,"Cariri Oriental","Cabaceiras",NA,NA,54.9016706853538,-2,5.4,3,4,2,NA,NA,3.7,1,NA,NA,88.3,2,NA,NA,61.4035087719298,-1,64.9122807017544,-3,21.1111111111111,3,16.5087719298246,1,2598.06968627451,-1,0.634227,1,"9165928.90",1020,0.612982780553407
25,"Paraíba",2503209,2011,2504,"Mata Paraibana",250422,"João Pessoa","Cabedelo",NA,NA,77.6001295529122,2,4.1,1,3.5,1,NA,NA,8.2,-1,NA,NA,79.1,-1,NA,NA,60.3238866396761,-1,74.0890688259109,-4,24.6666666666667,2,15.0526315789474,1,2990.36212125286,1,0.569254,-1,"139246670.26",7439,0.787988775108029
25,"Paraíba",2503308,2011,2501,"Sertão Paraibano",250102,"Cajazeiras","Cachoeira dos Índios",NA,NA,66.9396103068609,-1,3.2,-2,3,-1,NA,NA,10.3,-2,NA,NA,74.3,-2,NA,NA,52.1739130434783,-1,26.0869565217391,-1,36.5079365079365,-1,17.6847826086957,-1,2656.76819299324,-1,0.53677,-1,"14433352.76",1627,0.536362539381765
25,"Paraíba",2503407,2011,2501,"Sertão Paraibano",250104,"Patos","Cacimba de Areia",NA,NA,70.1786373501606,1,3.5,-1,2.7,-1,NA,NA,7,-1,8.6,1,88,2,91.4,2,60.7843137254902,-1,17.6470588235294,1,37.5,-1,12.7647058823529,2,2392.0180030722,-1,0.710442,2,"7840737.10",651,0.566915610519956
25,"Paraíba",2503506,2011,2503,"Agreste Paraibano",250313,"Curimataú Oriental","Cacimba de Dentro",NA,NA,69.6009363643727,1,3.6,-1,3.2,1,NA,NA,5.7,1,NA,NA,78.5,-1,NA,NA,55.2486187845304,-1,24.3093922651934,-1,37.8378378378378,-1,19.4640883977901,-1,2240.63640749149,-1,0.676874,1,"19434721.67",3524,0.589948737953537
25,"Paraíba",2503555,2011,2501,"Sertão Paraibano",250107,"Serra do Teixeira","Cacimbas",NA,NA,70.9177994982234,1,3.5,-1,2.6,-2,NA,NA,6.4,-1,NA,NA,74.4,-2,NA,NA,90.6542056074766,2,6.54205607476635,1,37.1794871794872,-1,19.7663551401869,-1,2310.24829787234,-1,0.595462,-1,"14051948.22",2115,0.540687717064026
25,"Paraíba",2503605,2011,2503,"Agreste Paraibano",250316,"Guarabira","Caiçara",NA,NA,66.722891706863,-1,4,1,3,-1,NA,NA,5.3,1,NA,NA,80.5,-1,NA,NA,87.3684210526316,2,40,-2,29.6296296296296,2,18.3684210526316,-1,2245.10791523482,-1,0.624791,1,"11299882.04",1746,0.592104331088631
25,"Paraíba",2503704,2011,2501,"Sertão Paraibano",250102,"Cajazeiras","Cajazeiras",NA,NA,68.0573207933599,-1,3.6,-1,3,-1,NA,NA,7,-1,NA,NA,77.3,-1,NA,NA,69.672131147541,1,21.0382513661202,-1,32.996632996633,1,17.7158469945355,-1,2697.03281418659,-1,0.605218,-1,"66417845.45",6485,0.632407716089148
25,"Paraíba",2503753,2011,2501,"Sertão Paraibano",250103,"Sousa","Cajazeirinhas",NA,NA,65.1261891737841,-1,4.7,2,4,2,NA,NA,3.1,1,NA,NA,84.9,1,NA,NA,69.6428571428571,1,5.35714285714286,1,36.1111111111111,-1,14.0892857142857,1,3692.72534854246,2,0.496607,-2,"9111133.08",789,0.656213670581779
25,"Paraíba",2503803,2011,2503,"Agreste Paraibano",250318,"Itabaiana","Caldas Brandão",NA,NA,77.3215671138071,2,3.3,-2,NA,NA,NA,NA,5.8,1,NA,NA,81.7,1,NA,NA,24.2424242424242,-3,48.4848484848485,-2,34.7222222222222,1,14.3030303030303,1,2772.38795550848,-1,0.517415,-1,"8705403.55",944,0.541367063000589
25,"Paraíba",2503902,2011,2502,"Borborema",250210,"Cariri Ocidental","Camalaú",NA,NA,70.0851369034001,1,4.5,2,NA,NA,NA,NA,2.5,2,NA,NA,82.5,1,NA,NA,51.063829787234,-1,19.1489361702128,1,37.4074074074074,-1,20.7234042553191,-2,2784.28942505133,-1,0.60669,1,"10313789.22",974,0.573554388670132
25,"Paraíba",2504009,2011,2503,"Agreste Paraibano",250317,"Campina Grande","Campina Grande",NA,NA,81.2439481894709,2,4.2,1,2.9,-1,NA,NA,4.4,1,NA,NA,81,1,NA,NA,82.5573770491803,2,20.9180327868852,-1,26.9463340891912,2,18.5960655737705,-1,2888.65184526958,1,0.872263,3,"512587443.99",28359,0.752107631823573
25,"Paraíba",2504033,2011,2504,"Mata Paraibana",250420,"Litoral Norte","Capim",NA,NA,69.0884577000524,1,2.9,-2,2.9,-1,NA,NA,6.5,-1,28.2,-2,71.8,-2,65.6,-2,92.1052631578947,2,1.31578947368422,2,25.5555555555556,2,22.5131578947368,-2,1990.57074225599,-2,0.60136,-1,"10674321.91",1711,0.57123615329343
25,"Paraíba",2504074,2011,2502,"Borborema",250211,"Cariri Oriental","Caraúbas",NA,NA,67.5423979876899,-1,4.1,1,NA,NA,NA,NA,5.1,1,NA,NA,80.1,-1,NA,NA,77.0833333333333,1,6.25,1,37.6068376068376,-1,16.6458333333333,1,3134.29774718398,1,0.582129,-1,"8848087.92",799,0.521855848005595
25,"Paraíba",2504108,2011,2501,"Sertão Paraibano",250102,"Cajazeiras","Carrapateira",NA,NA,74.5795860917401,1,4.4,1,4,2,NA,NA,5.1,1,NA,NA,90,2,NA,NA,44.7368421052632,-1,21.0526315789474,-1,33.3333333333333,1,12.9736842105263,2,3716.50657200811,2,0.632945,1,"8393746.29",493,0.59131397039018
25,"Paraíba",2504157,2011,2503,"Agreste Paraibano",250313,"Curimataú Oriental","Casserengue",NA,NA,73.3529432260333,1,4.3,1,3.2,1,NA,NA,8.7,-1,NA,NA,80,-1,NA,NA,84.2696629213483,2,7.86516853932584,1,33.3333333333333,1,20.3258426966292,-1,2592.69410171365,-1,0.556226,-1,"11010964.11",1809,0.585995902123539
25,"Paraíba",2504207,2011,2501,"Sertão Paraibano",250105,"Piancó","Catingueira",NA,NA,59.0924108572496,-2,3.4,-1,3.4,1,NA,NA,3.6,1,NA,NA,81.4,1,NA,NA,67.5,1,2.5,2,32.5396825396825,1,16.975,-1,2069.84275405007,-2,0.867262,3,"7427248.61",679,0.544556664740904
25,"Paraíba",2504306,2011,2501,"Sertão Paraibano",250101,"Catolé do Rocha","Catolé do Rocha",NA,NA,62.4808399996935,-1,4.1,1,3.4,1,NA,NA,5.2,1,NA,NA,78,-1,NA,NA,61.2359550561798,-1,11.7977528089888,1,38.034188034188,-1,19.4044943820225,-1,2374.3768760857,-1,0.692816,1,"31552926.80",3454,0.635997225948352
25,"Paraíba",2504355,2011,2502,"Borborema",250211,"Cariri Oriental","Caturité",NA,NA,69.6021022227883,1,3.7,-1,3,-1,NA,NA,5.4,1,NA,NA,81.8,1,NA,NA,84.2105263157895,2,14.0350877192982,1,31.1111111111111,1,14.9824561403509,1,3723.711264637,2,0.439967,-2,"8993943.74",854,0.659191639284193
25,"Paraíba",2504405,2011,2501,"Sertão Paraibano",250106,"Itaporanga","Conceição",NA,NA,77.0058473759689,2,4.1,1,2.8,-1,NA,NA,10.5,-2,NA,NA,82.4,1,NA,NA,41.6666666666667,-2,39.3939393939394,-2,37.1717171717172,-1,17.1287878787879,-1,2750.54941228458,-1,0.551791,-1,"21609928.81",2263,0.504075098145196
25,"Paraíba",2504504,2011,2501,"Sertão Paraibano",250103,"Sousa","Condado",NA,NA,65.6783676713151,-1,4.4,1,3.4,1,NA,NA,5.8,1,NA,NA,81,1,NA,NA,60.8695652173913,-1,4.34782608695652,1,42.5925925925926,-2,13.6811594202899,1,3234.24841101695,1,0.518416,-1,"9331644.66",944,0.597680045202809
25,"Paraíba",2504603,2011,2504,"Mata Paraibana",250422,"João Pessoa","Conde",NA,NA,74.567907542052,1,4,1,3.1,-1,NA,NA,3.8,1,NA,NA,81.1,1,NA,NA,89.9598393574297,2,8.83534136546184,1,28.8065843621399,2,16.1285140562249,1,3049.01011952191,1,0.538408,-1,"46044523.68",4016,0.672427005057119
25,"Paraíba",2504702,2011,2502,"Borborema",250210,"Cariri Ocidental","Congo",NA,NA,71.2032531454939,1,4.4,1,3.6,1,NA,NA,7,-1,NA,NA,80.6,-1,NA,NA,74,1,0,2,35.8024691358025,-1,15.04,1,3364.06533244681,1,0.560997,-1,"8409051.72",752,0.595432645470089
25,"Paraíba",2504801,2011,2501,"Sertão Paraibano",250105,"Piancó","Coremas",NA,NA,53.3338562429353,-2,3.1,-2,NA,NA,NA,NA,16.4,-4,NA,NA,71.9,-2,NA,NA,62.2641509433962,1,17.9245283018868,1,38.8888888888889,-1,14.1037735849057,1,3066.99421404682,1,0.468887,-2,"18763859.64",1495,0.52483799062258
25,"Paraíba",2504850,2011,2502,"Borborema",250210,"Cariri Ocidental","Coxixola",NA,NA,60.5850925171264,-2,NA,NA,NA,NA,NA,NA,0,2,NA,NA,80.2,-1,NA,NA,80,1,0,2,35.8024691358025,-1,9.8,2,7150.80367346939,4,NA,NA,"6241589.91",147,0.517044524080909
25,"Paraíba",2504900,2011,2504,"Mata Paraibana",250421,"Sapé","Cruz do Espírito Santo",NA,NA,67.1717280193335,-1,3,-2,2.3,-2,NA,NA,8.7,-1,NA,NA,73.5,-2,NA,NA,35.2517985611511,-2,7.91366906474819,1,33.3333333333333,1,20.4532374100719,-2,2458.68549419627,-1,0.596116,-1,"19684444.24",2843,0.546120860465611
25,"Paraíba",2505006,2011,2502,"Borborema",250209,"Seridó Oriental Paraibano","Cubati",NA,NA,79.987062471581,2,3.9,1,3.5,1,NA,NA,6.3,-1,10.3,1,76.9,-1,67.7,-1,84.5238095238095,2,9.52380952380952,1,33.5858585858586,1,18.9404761904762,-1,2312.48923318667,-1,0.622859,1,"10885169.20",1591,0.601127220280189
25,"Paraíba",2505105,2011,2503,"Agreste Paraibano",250312,"Curimataú Ocidental","Cuité",NA,NA,68.6518515915461,1,4.7,2,3.7,2,NA,NA,0.2,2,NA,NA,93.7,3,NA,NA,72.2627737226277,1,13.8686131386861,1,35.5902777777778,-1,19.5912408759124,-1,2427.13620625466,-1,0.601382,-1,"27121256.89",2686,0.601997342378604
25,"Paraíba",2505238,2011,2504,"Mata Paraibana",250420,"Litoral Norte","Cuité de Mamanguape",NA,NA,72.8008661481693,1,3.5,-1,2.5,-2,NA,NA,9.6,-2,NA,NA,73.4,-2,NA,NA,79.6116504854369,1,0,2,33.3333333333333,1,22.3592233009709,-2,2525.0253119584,-1,0.526604,-1,"11886259.32",2308,0.567319176288407
25,"Paraíba",2505204,2011,2503,"Agreste Paraibano",250316,"Guarabira","Cuitegi",NA,NA,77.2168589789319,2,3.3,-2,NA,NA,NA,NA,4,1,NA,NA,86.6,1,NA,NA,91.3793103448276,2,8.62068965517241,1,30.5555555555556,1,18.0172413793103,-1,2573.30719617225,-1,0.547196,-1,"10773401.96",1045,0.584865729391098
25,"Paraíba",2505279,2011,2504,"Mata Paraibana",250420,"Litoral Norte","Curral de Cima",NA,NA,56.8681435147948,-2,3.9,1,3.4,1,NA,NA,4.4,1,NA,NA,77.6,-1,NA,NA,77.6119402985075,1,4.47761194029852,1,32.2222222222222,1,21.1194029850746,-2,2423.17729519774,-1,0.548673,-1,"10356989.43",1416,0.57227538865077
25,"Paraíba",2505303,2011,2501,"Sertão Paraibano",250106,"Itaporanga","Curral Velho",NA,NA,60.2982808839589,-2,3.9,1,2.8,-1,NA,NA,5.6,1,NA,NA,81.7,1,NA,NA,46.3414634146341,-1,43.9024390243902,-2,35.4166666666667,-1,14.3414634146341,1,3163.75404074703,1,0.611007,1,"7220484.67",589,0.556261914712798
25,"Paraíba",2505352,2011,2503,"Agreste Paraibano",250312,"Curimataú Ocidental","Damião",NA,NA,62.1175544400181,-1,4.1,1,3.1,-1,NA,NA,3.9,1,NA,NA,84.9,1,NA,NA,87.3015873015873,2,15.8730158730159,1,33.3333333333333,1,21.1111111111111,-2,2875.96700225395,1,0.655615,1,"9988348.83",1331,0.608168900443463
25,"Paraíba",2505402,2011,2501,"Sertão Paraibano",250107,"Serra do Teixeira","Desterro",NA,NA,67.4503902485753,-1,3.7,-1,NA,NA,NA,NA,5.2,1,NA,NA,77.7,-1,NA,NA,77.027027027027,1,24.3243243243243,-1,34.9206349206349,-1,19.1621621621622,-1,2448.8415796897,-1,0.617737,1,"12083839.72",1418,0.606675640314555
25,"Paraíba",2505600,2011,2501,"Sertão Paraibano",250106,"Itaporanga","Diamante",NA,NA,71.0553246853859,1,3.6,-1,2.2,-2,NA,NA,9.3,-2,5,1,85.4,1,95,2,45.7446808510638,-1,15.9574468085106,1,36.8686868686869,-1,13.7978723404255,1,2526.13301770593,-1,0.551332,-1,"10613153.61",1299,0.513236286712148
25,"Paraíba",2505709,2011,2503,"Agreste Paraibano",250313,"Curimataú Oriental","Dona Inês",NA,NA,61.280301900021,-1,4.1,1,4,2,NA,NA,2.8,1,NA,NA,96.3,3,NA,NA,81.7073170731707,2,23.1707317073171,-1,38.3838383838384,-1,26.2682926829268,-3,2370.26951253482,-1,0.717026,2,"16755456.03",2154,0.672806127184702
25,"Paraíba",2505808,2011,2503,"Agreste Paraibano",250316,"Guarabira","Duas Estradas",NA,NA,73.8779695540137,1,3.8,-1,2.9,-1,NA,NA,4.4,1,NA,NA,84.5,1,NA,NA,50,-1,3.70370370370371,1,31.25,1,17.5555555555556,-1,2940.57680628272,1,0.494566,-2,"8946700.62",955,0.571355819383009
25,"Paraíba",2505907,2011,2501,"Sertão Paraibano",250105,"Piancó","Emas",NA,NA,73.0526568667512,1,3,-2,3.1,-1,NA,NA,3.6,1,NA,NA,88.2,2,NA,NA,29.5454545454545,-2,15.9090909090909,1,25.5555555555556,2,13.6136363636364,1,3025.02171953255,1,0.578977,-1,"7816263.10",599,0.541238185302719
25,"Paraíba",2506004,2011,2503,"Agreste Paraibano",250314,"Esperança","Esperança",NA,NA,69.0777141685433,1,4.8,2,4.2,3,NA,NA,1.9,2,NA,NA,92.8,2,NA,NA,78.8018433179724,1,8.75576036866359,1,29.8148148148148,1,23.1290322580645,-2,2278.50460450289,-1,0.793661,2,"41026368.28",5019,0.650563712939001
25,"Paraíba",2506103,2011,2503,"Agreste Paraibano",250317,"Campina Grande","Fagundes",NA,NA,69.5123093776936,1,3.9,1,2,-3,NA,NA,7.9,-1,6.5,1,71.4,-2,77.1,-1,75.4385964912281,1,15.2046783625731,1,38.8888888888889,-1,13.6374269005848,1,2521.68813464837,-1,0.559171,-1,"15984893.56",2332,0.577203637848038
25,"Paraíba",2506202,2011,2502,"Borborema",250209,"Seridó Oriental Paraibano","Frei Martinho",NA,NA,62.628505442234,-1,5.3,3,3.5,1,NA,NA,1.6,2,NA,NA,93.5,3,NA,NA,72,1,0,2,40,-1,18.36,-1,3513.35119825708,2,0.697988,1,"7761286.10",459,0.647057391079273
25,"Paraíba",2506251,2011,2503,"Agreste Paraibano",250319,"Umbuzeiro","Gado Bravo",NA,NA,64.4404465612933,-1,3.1,-2,2.9,-1,NA,NA,4.1,1,6.8,1,79,-1,91.5,2,64.7058823529412,1,17.6470588235294,1,43.3048433048433,-2,20.0073529411765,-1,2122.2946122749,-2,0.634517,1,"13483860.43",2721,0.551538686826136
25,"Paraíba",2506301,2011,2503,"Agreste Paraibano",250316,"Guarabira","Guarabira",NA,NA,80.2511846475396,2,3.6,-1,2.9,-1,NA,NA,9.7,-2,25.5,-1,75.1,-1,66.5,-1,62.7565982404692,1,8.21114369501467,1,23.5507246376812,3,18.0146627565982,-1,2284.49261348898,-1,0.701285,2,"61619563.51",6168,0.686537821049415
25,"Paraíba",2506400,2011,2503,"Agreste Paraibano",250318,"Itabaiana","Gurinhém",NA,NA,76.96608543151,2,2.9,-2,2,-3,NA,NA,9.1,-1,NA,NA,75.5,-1,NA,NA,79.4701986754967,1,9.93377483443709,1,32,1,16.3311258278146,1,2759.1309039319,-1,0.511585,-1,"17713962.11",2467,0.561108875330187
25,"Paraíba",2506509,2011,2502,"Borborema",250211,"Cariri Oriental","Gurjão",NA,NA,64.5308174689057,-1,3.6,-1,2.8,-1,NA,NA,4.9,1,NA,NA,77.6,-1,NA,NA,66.6666666666667,1,21.4285714285714,-1,36.5079365079365,-1,11.7619047619048,2,3379.8305465587,1,0.641201,1,"7576898.32",494,0.582749651178064
25,"Paraíba",2506608,2011,2501,"Sertão Paraibano",250106,"Itaporanga","Ibiara",NA,NA,74.8208271942932,1,3.7,-1,3.2,1,NA,NA,10.3,-2,NA,NA,85.7,1,NA,NA,88.0952380952381,2,2.38095238095238,2,35.5555555555556,-1,15.3809523809524,1,2435.66394736842,-1,0.740429,2,"28873768.07",646,0.57360542147984
25,"Paraíba",2502607,2011,2501,"Sertão Paraibano",250105,"Piancó","Igaracy",NA,NA,75.8236887846851,1,3.2,-2,3.3,1,NA,NA,6.3,-1,NA,NA,78.7,-1,NA,NA,60.7594936708861,-1,6.32911392405063,1,49.4708994708995,-3,13.5316455696203,1,3003.92966323667,1,0.495452,-2,"10171564.61",1069,0.558860209885169
25,"Paraíba",2506707,2011,2501,"Sertão Paraibano",250107,"Serra do Teixeira","Imaculada",NA,NA,75.5263056733083,1,3.1,-2,3.1,-1,NA,NA,3.4,1,NA,NA,78.3,-1,NA,NA,59.3406593406593,-1,17.5824175824176,1,37.6543209876543,-1,22.4945054945055,-2,2563.61768930142,-1,0.588962,-1,"13965247.19",2047,0.540442530148371
25,"Paraíba",2506806,2011,2503,"Agreste Paraibano",250318,"Itabaiana","Ingá",NA,NA,77.0875600274993,2,3.2,-2,2.6,-2,NA,NA,9.9,-2,NA,NA,74.7,-2,NA,NA,46.5437788018433,-1,49.3087557603687,-2,33.3333333333333,1,12.9815668202765,2,2742.40514376997,-1,0.536671,-1,"22193298.72",2817,0.584525641607896
25,"Paraíba",2506905,2011,2503,"Agreste Paraibano",250318,"Itabaiana","Itabaiana",NA,NA,51.8746156189427,-3,3.2,-2,2.5,-2,NA,NA,8.2,-1,12.3,1,79.5,-1,82,1,60.7142857142857,-1,20,1,29.2181069958848,2,14.2714285714286,1,1741.17263131814,-2,0.680701,1,"29116254.90",2018,0.591415560344196
25,"Paraíba",2507002,2011,2501,"Sertão Paraibano",250106,"Itaporanga","Itaporanga",NA,NA,72.1437986660322,1,3.4,-1,2.1,-3,NA,NA,7.8,-1,NA,NA,79.8,-1,NA,NA,68.5714285714286,1,10.4761904761905,1,34.1269841269841,1,15.952380952381,1,2756.08044776119,-1,0.538794,-1,"22565506.98",1675,0.58611734188191
25,"Paraíba",2507101,2011,2504,"Mata Paraibana",250420,"Litoral Norte","Itapororoca",NA,NA,76.074898816151,1,3.2,-2,2.8,-1,NA,NA,5.9,1,NA,NA,79.4,-1,NA,NA,70.8333333333333,1,22.9166666666667,-1,33.1349206349206,1,15.21875,1,2549.24369825522,-1,0.567536,-1,"20799720.22",2923,0.54936645203555
25,"Paraíba",2507200,2011,2503,"Agreste Paraibano",250318,"Itabaiana","Itatuba",NA,NA,65.654125443461,-1,3,-2,2.7,-1,NA,NA,7.2,-1,NA,NA,75.8,-1,NA,NA,42.3913043478261,-2,39.1304347826087,-2,46.1988304093567,-3,16.3695652173913,1,3070.39305444887,1,0.482693,-2,"13213347.08",1506,0.510755525018496
25,"Paraíba",2507309,2011,2504,"Mata Paraibana",250420,"Litoral Norte","Jacaraú",NA,NA,71.9952780945562,1,4.8,2,3.6,1,NA,NA,6.9,-1,NA,NA,85.3,1,NA,NA,86.1842105263158,2,4.60526315789474,1,31.3131313131313,1,22.2105263157895,-2,2294.02781398104,-1,0.66418,1,"22314249.16",3376,0.615461576036212
25,"Paraíba",2507408,2011,2501,"Sertão Paraibano",250101,"Catolé do Rocha","Jericó",NA,NA,79.3268484725704,2,3.7,-1,3.7,2,NA,NA,4.9,1,NA,NA,78,-1,NA,NA,70.9302325581395,1,27.9069767441861,-1,38.562091503268,-1,14.3837209302326,1,2542.03573969281,-1,0.598244,-1,"10578549.04",1237,0.565770490174584
25,"Paraíba",2507507,2011,2504,"Mata Paraibana",250422,"João Pessoa","João Pessoa",NA,NA,67.5643632323787,-1,4.6,2,3.9,2,NA,NA,3.7,1,NA,NA,85.7,1,NA,NA,69.0994308670907,1,60.0267827251423,-3,16.540404040404,4,18.4121191831269,-1,3754.68244143997,2,0.877194,3,"1313114707.70",55029,0.798666564808638
25,"Paraíba",2507606,2011,2503,"Agreste Paraibano",250318,"Itabaiana","Juarez Távora",NA,NA,69.2864978115232,1,3.2,-2,2.8,-1,NA,NA,7.5,-1,NA,NA,78.7,-1,NA,NA,73.1182795698925,1,8.60215053763442,1,29.3650793650794,2,18.6989247311828,-1,2200.81900517539,-1,0.619658,1,"10854016.13",1739,0.575228253896193
25,"Paraíba",2507705,2011,2502,"Borborema",250209,"Seridó Oriental Paraibano","Juazeirinho",NA,NA,64.9522639232869,-1,4,1,2.6,-2,NA,NA,6.8,-1,NA,NA,73.3,-2,NA,NA,59.6491228070175,-1,28.0701754385965,-1,42.6984126984127,-2,18.7485380116959,-1,2304.24932626326,-1,0.66203,1,"22309212.63",3206,0.557156888227938
25,"Paraíba",2507804,2011,2502,"Borborema",250208,"Seridó Ocidental Paraibano","Junco do Seridó",NA,NA,79.9246417400347,2,3.5,-1,2.3,-2,NA,NA,7.1,-1,21.2,-1,76.5,-1,68.2,-1,88.3333333333333,2,0,2,29.1666666666667,2,15.1666666666667,1,2678.30402197802,-1,0.550155,-1,"9175367.71",910,0.575177999765932
25,"Paraíba",2507903,2011,2504,"Mata Paraibana",250421,"Sapé","Juripiranga",NA,NA,73.7824591678281,1,3.6,-1,NA,NA,NA,NA,7.9,-1,NA,NA,73.3,-2,NA,NA,62.7272727272727,1,25.4545454545455,-1,27.7777777777778,2,16.5181818181818,1,2381.35618051734,-1,0.617754,1,"13466368.77",1817,0.566525151440339
25,"Paraíba",2508000,2011,2501,"Sertão Paraibano",250107,"Serra do Teixeira","Juru",NA,NA,67.3429873083592,-1,3.9,1,3.2,1,NA,NA,4.1,1,NA,NA,80.3,-1,NA,NA,68.2692307692308,1,5.76923076923077,1,36.8888888888889,-1,14.4903846153846,1,2383.36827471798,-1,0.606827,1,"11839433.71",1507,0.549946418443593
25,"Paraíba",2508109,2011,2501,"Sertão Paraibano",250101,"Catolé do Rocha","Lagoa",NA,NA,74.549211183219,1,3.7,-1,NA,NA,NA,NA,13.9,-3,NA,NA,76.6,-1,NA,NA,22.0588235294118,-3,32.3529411764706,-1,40.8496732026144,-2,15.6911764705882,1,2198.00607310215,-1,NA,NA,"9861976.27",1067,0.537316838180477
25,"Paraíba",2508208,2011,2503,"Agreste Paraibano",250316,"Guarabira","Lagoa de Dentro",NA,NA,74.4356124786421,1,NA,NA,3.4,1,NA,NA,1.5,2,NA,NA,95.1,3,NA,NA,38.2978723404255,-2,3.19148936170212,2,37.2549019607843,-1,25.3617021276596,-3,2270.75005033557,-1,NA,NA,"12694075.00",2384,0.598692267060764
25,"Paraíba",2508307,2011,2503,"Agreste Paraibano",250317,"Campina Grande","Lagoa Seca",NA,NA,78.9263884865145,2,4.3,1,3.1,-1,NA,NA,2.3,2,NA,NA,79.5,-1,NA,NA,75.4545454545455,1,0.909090909090907,2,33.6917562724014,1,18.6045454545455,-1,2288.26014903494,-1,0.700458,1,"30647721.88",4093,0.598882203290117
25,"Paraíba",2508406,2011,2501,"Sertão Paraibano",250103,"Sousa","Lastro",NA,NA,60.1213360572878,-2,3.6,-1,2.9,-1,NA,NA,8.6,-1,NA,NA,76.1,-1,NA,NA,35.8490566037736,-2,11.3207547169811,1,41.9191919191919,-2,14.6981132075472,1,2877.98214377407,1,0.59701,-1,"9410333.61",779,0.526547865546403
25,"Paraíba",2508505,2011,2502,"Borborema",250210,"Cariri Ocidental","Livramento",NA,NA,59.8318701480064,-2,NA,NA,3.3,1,NA,NA,7.7,-1,NA,NA,81.4,1,NA,NA,74.3243243243243,1,6.75675675675676,1,38.0952380952381,-1,18.6216216216216,-1,2612.77266328012,-1,0.599851,-1,"11066277.79",1378,0.572533709040182
25,"Paraíba",2508554,2011,2503,"Agreste Paraibano",250316,"Guarabira","Logradouro",NA,NA,67.3744978659464,-1,NA,NA,3.3,1,NA,NA,7.9,-1,NA,NA,76.2,-1,NA,NA,67.8571428571429,1,41.0714285714286,-2,26.6666666666667,2,15.6071428571429,1,2370.65488,-1,0.713847,2,"8143402.65",875,0.539702106074084
25,"Paraíba",2508604,2011,2504,"Mata Paraibana",250422,"João Pessoa","Lucena",NA,NA,73.6312913859807,1,4.1,1,3.2,1,NA,NA,1.7,2,NA,NA,86.7,1,NA,NA,85.1239669421488,2,18.1818181818182,1,25.462962962963,2,21.495867768595,-2,2309.60425990004,-1,0.661361,1,"20623955.89",2601,0.602642659653432
25,"Paraíba",2508703,2011,2501,"Sertão Paraibano",250104,"Patos","Mãe d'Água",NA,NA,62.8567815250592,-1,4.1,1,2.8,-1,NA,NA,3.2,1,NA,NA,73.1,-2,NA,NA,86.9565217391304,2,4.34782608695652,1,32.8282828282828,1,16.6739130434783,1,2623.45439374185,-1,0.694237,1,"8700188.88",767,0.586827785955327
25,"Paraíba",2508802,2011,2501,"Sertão Paraibano",250103,"Sousa","Malta",NA,NA,66.8396489517991,-1,4.4,1,NA,NA,NA,NA,1.7,2,NA,NA,88.5,2,NA,NA,40.3508771929825,-2,5.26315789473685,1,34.8484848484848,1,13.4561403508772,1,3440.14374185137,2,0.54972,-1,"9107518.47",767,0.583976989109102
25,"Paraíba",2508901,2011,2504,"Mata Paraibana",250420,"Litoral Norte","Mamanguape",NA,NA,76.2081442555864,1,3.8,-1,3.3,1,NA,NA,5.4,1,NA,NA,86.6,1,NA,NA,62.8458498023715,1,13.4387351778656,1,32.6388888888889,1,25.3201581027668,-3,2413.95754955518,-1,0.662851,1,"44707917.81",6407,0.535099134768122
25,"Paraíba",2509008,2011,2501,"Sertão Paraibano",250107,"Serra do Teixeira","Manaíra",NA,NA,68.5846461715898,-1,3.6,-1,3.6,1,NA,NA,6.1,-1,NA,NA,79.5,-1,NA,NA,37.8378378378378,-2,2.70270270270269,2,46.7592592592593,-3,25.0135135135135,-3,2293.2667639114,-1,0.592359,-1,"13767186.29",1851,0.517722028485791
25,"Paraíba",2509057,2011,2504,"Mata Paraibana",250420,"Litoral Norte","Marcação",NA,NA,70.6186413323767,1,2.8,-2,2,-3,NA,NA,16.1,-4,NA,NA,70,-2,NA,NA,49.2424242424242,-1,65.1515151515152,-3,30.0925925925926,1,17.3939393939394,-1,2771.07146425495,-1,0.474591,-2,"13767445.46",2322,0.544316577656795
25,"Paraíba",2509107,2011,2504,"Mata Paraibana",250421,"Sapé","Mari",NA,NA,70.7904811660584,1,3.6,-1,2.6,-2,NA,NA,9.2,-2,NA,NA,77.4,-1,NA,NA,71.978021978022,1,3.84615384615384,1,29.0598290598291,2,18.1703296703297,-1,2258.46348429952,-1,0.630741,1,"23527529.30",3312,0.572663457875526
25,"Paraíba",2509156,2011,2501,"Sertão Paraibano",250103,"Sousa","Marizópolis",NA,NA,70.3099805713225,1,3.7,-1,3.9,2,NA,NA,6.6,-1,NA,NA,83.1,1,NA,NA,55.6818181818182,-1,47.7272727272727,-2,29.0123456790123,2,20.4431818181818,-2,2101.8437020567,-2,0.652025,1,"11818232.68",1799,0.52922053725766
25,"Paraíba",2509206,2011,2503,"Agreste Paraibano",250317,"Campina Grande","Massaranduba",NA,NA,59.1941874958672,-2,3.4,-1,3.3,1,NA,NA,5.1,1,NA,NA,80.9,-1,NA,NA,44.7154471544715,-1,43.0894308943089,-2,36.6319444444444,-1,18.7967479674797,-1,2380.44776816609,-1,0.648257,1,"15964603.45",2312,0.567635121258647
25,"Paraíba",2509305,2011,2504,"Mata Paraibana",250420,"Litoral Norte","Mataraca",NA,NA,73.244616746561,1,3.1,-2,2.8,-1,NA,NA,11.8,-2,NA,NA,69.5,-2,NA,NA,85.7142857142857,2,15.3061224489796,1,25.9259259259259,2,21.0408163265306,-2,2559.08627118644,-1,0.524037,-1,"17373708.05",2065,0.637727630743293
25,"Paraíba",2509339,2011,2503,"Agreste Paraibano",250315,"Brejo Paraibano","Matinhas",NA,NA,66.1843423532069,-1,NA,NA,NA,NA,NA,NA,3.2,1,NA,NA,94.1,3,NA,NA,56,-1,32,-1,37.6068376068376,-1,12.48,2,2960.70916666667,1,NA,NA,"8451320.18",624,0.549355276081013
25,"Paraíba",2509370,2011,2501,"Sertão Paraibano",250101,"Catolé do Rocha","Mato Grosso",NA,NA,58.0852746400691,-2,3.5,-1,NA,NA,NA,NA,4.1,1,NA,NA,82.8,1,NA,NA,76.9230769230769,1,23.0769230769231,-1,34.0277777777778,1,11.4615384615385,2,3526.60418344519,2,0.69993,1,"7622228.00",447,0.552484287944626
25,"Paraíba",2509396,2011,2501,"Sertão Paraibano",250107,"Serra do Teixeira","Maturéia",NA,NA,65.201737441882,-1,4,1,3.3,1,NA,NA,2.8,1,NA,NA,78,-1,NA,NA,66.2162162162162,1,50,-2,34.3434343434343,1,21.1891891891892,-2,2391.86544642857,-1,0.612302,1,"10901129.84",1568,0.61344222741283
25,"Paraíba",2509404,2011,2503,"Agreste Paraibano",250318,"Itabaiana","Mogeiro",NA,NA,63.5747042061733,-1,3.5,-1,3.3,1,NA,NA,5.4,1,NA,NA,83.1,1,NA,NA,46.7213114754098,-1,47.5409836065574,-2,35.7777777777778,-1,21.3032786885246,-2,1995.6090188534,-2,0.649719,1,"16534341.45",2599,0.572960204231439
25,"Paraíba",2509503,2011,2503,"Agreste Paraibano",250314,"Esperança","Montadas",NA,NA,60.7456677769637,-2,3.9,1,3,-1,NA,NA,2,2,NA,NA,79.4,-1,NA,NA,83.6065573770492,2,27.8688524590164,-1,31.25,1,18.2950819672131,-1,2560.06170250896,-1,0.57842,-1,"10275353.17",1116,0.62207290494654
25,"Paraíba",2509602,2011,2501,"Sertão Paraibano",250102,"Cajazeiras","Monte Horebe",NA,NA,65.857784365932,-1,3.4,-1,2.9,-1,NA,NA,7,-1,NA,NA,79.4,-1,NA,NA,58.9285714285714,-1,1.78571428571429,2,36.6666666666667,-1,12.5714285714286,2,2957.02038352273,1,0.603062,-1,"9069426.18",704,0.499071283204574
25,"Paraíba",2509701,2011,2502,"Borborema",250210,"Cariri Ocidental","Monteiro",NA,NA,64.6753724594036,-1,4.5,2,3.8,2,NA,NA,1.8,2,NA,NA,95.8,3,NA,NA,79.5580110497238,1,17.1270718232044,1,35.1010101010101,-1,17.9613259668508,-1,2815.82844355583,1,0.608454,1,"39511458.07",3251,0.595136098604239
25,"Paraíba",2509800,2011,2503,"Agreste Paraibano",250316,"Guarabira","Mulungu",NA,NA,83.9783790726028,3,3.5,-1,NA,NA,NA,NA,5.3,1,NA,NA,77.3,-1,NA,NA,48.0769230769231,-1,19.2307692307692,1,40.1234567901235,-1,15.4807692307692,1,2643.80606769231,-1,0.519504,-1,"11735478.81",1625,0.518764765910497
25,"Paraíba",2509909,2011,2503,"Agreste Paraibano",250319,"Umbuzeiro","Natuba",NA,NA,73.2160219678619,1,3.7,-1,3.3,1,NA,NA,5.8,1,25,-1,86,1,75,-1,65.0406504065041,1,18.6991869918699,1,39.3162393162393,-1,16.349593495935,1,2324.11481610338,-1,0.649226,1,"13958298.06",2012,0.65504122157789
25,"Paraíba",2510006,2011,2501,"Sertão Paraibano",250103,"Sousa","Nazarezinho",NA,NA,78.0151882264218,2,3.4,-1,2.7,-1,NA,NA,6.8,-1,NA,NA,76.3,-1,NA,NA,53.1645569620253,-1,3.79746835443038,1,38.6111111111111,-1,17.1645569620253,-1,2533.57972713864,-1,0.533635,-1,"11849074.96",1356,0.56033
25,"Paraíba",2510105,2011,2503,"Agreste Paraibano",250312,"Curimataú Ocidental","Nova Floresta",NA,NA,71.5209181703042,1,4.4,1,3.2,1,NA,NA,4.3,1,NA,NA,84.2,1,NA,NA,73.3333333333333,1,40,-2,35.8585858585859,-1,14.4222222222222,1,2847.32000770416,1,0.540177,-1,"12634483.63",1298,0.561139411748279
25,"Paraíba",2510204,2011,2501,"Sertão Paraibano",250105,"Piancó","Nova Olinda",NA,NA,75.2815530048359,1,3.6,-1,2.6,-2,NA,NA,10.5,-2,NA,NA,74.5,-2,NA,NA,43.4782608695652,-2,7.2463768115942,1,29.8611111111111,1,16.231884057971,1,2679.4400625,-1,0.515851,-1,"10061721.77",1120,0.511444154590131
25,"Paraíba",2510303,2011,2502,"Borborema",250209,"Seridó Oriental Paraibano","Nova Palmeira",NA,NA,68.3903820329404,-1,3.6,-1,NA,NA,NA,NA,6.9,-1,NA,NA,72.5,-2,NA,NA,63.4146341463415,1,12.1951219512195,1,29.3650793650794,2,17.2439024390244,-1,2639.12356435643,-1,0.750783,2,"8980565.15",707,0.651109648552775
25,"Paraíba",2510402,2011,2501,"Sertão Paraibano",250105,"Piancó","Olho d'Água",NA,NA,69.8168088147059,1,3.3,-2,2.5,-2,NA,NA,7.9,-1,NA,NA,75.4,-1,NA,NA,22.0779220779221,-3,5.1948051948052,1,38.3597883597884,-1,15.6623376623377,1,2627.97977630489,-1,0.525226,-1,"10368372.73",1207,0.531175778806863
25,"Paraíba",2510501,2011,2503,"Agreste Paraibano",250312,"Curimataú Ocidental","Olivedos",NA,NA,68.0688179751583,-1,4.6,2,2.6,-2,NA,NA,4.3,1,9.1,1,76.7,-1,68.8,-1,62.7118644067797,1,47.4576271186441,-2,35.5555555555556,-1,15.8135593220339,1,3045.80688102894,1,0.531565,-1,"8179693.23",933,0.570353885999252
25,"Paraíba",2510600,2011,2502,"Borborema",250210,"Cariri Ocidental","Ouro Velho",NA,NA,85.7265883685258,3,3.8,-1,2.9,-1,NA,NA,5.4,1,NA,NA,91.4,2,NA,NA,29.7297297297297,-2,13.5135135135135,1,33.3333333333333,1,9.62162162162162,3,3793.14328651686,2,0.659941,1,"7178203.13",356,0.563242182994507
25,"Paraíba",2510659,2011,2502,"Borborema",250210,"Cariri Ocidental","Parari",NA,NA,47.6327170486625,-3,5.1,3,NA,NA,NA,NA,0.5,2,NA,NA,93,2,NA,NA,77.4193548387097,1,29.0322580645161,-1,37.037037037037,-1,7.41935483870968,3,6641.46860869565,4,NA,NA,"6658638.35",230,0.597729399429629
25,"Paraíba",2510709,2011,2501,"Sertão Paraibano",250104,"Patos","Passagem",NA,NA,64.087551987885,-1,3.7,-1,3.6,1,NA,NA,3.4,1,NA,NA,84.6,1,NA,NA,51.1627906976744,-1,2.32558139534885,2,32.2222222222222,1,10.906976744186,2,4103.99106609808,3,0.565247,-1,"7526711.41",469,0.556132006743653
25,"Paraíba",2510808,2011,2501,"Sertão Paraibano",250104,"Patos","Patos",NA,NA,74.7194723435816,1,4.2,1,3.2,1,NA,NA,3,1,NA,NA,88.2,2,NA,NA,55.4016620498615,-1,41.6897506925208,-2,27.6851851851852,2,13.2049861495845,2,2910.67566771489,1,0.72452,2,"114322116.94",9540,0.682736499937673
25,"Paraíba",2510907,2011,2501,"Sertão Paraibano",250103,"Sousa","Paulista",NA,NA,56.057258534129,-2,4.4,1,4.2,3,NA,NA,3.3,1,NA,NA,86.8,1,NA,NA,73.9130434782609,1,0,2,33.6257309941521,1,20.3152173913043,-1,2195.65420545746,-1,0.738824,2,"17021430.76",1869,0.618231405432635
25,"Paraíba",2511004,2011,2501,"Sertão Paraibano",250106,"Itaporanga","Pedra Branca",NA,NA,64.7554484403703,-1,5,2,3,-1,NA,NA,4.6,1,NA,NA,87.2,2,NA,NA,21.875,-3,56.25,-3,41.2698412698413,-2,13.0625,2,2689.62539473684,-1,0.629998,1,"8712367.79",836,0.575724714477792
25,"Paraíba",2511103,2011,2502,"Borborema",250209,"Seridó Oriental Paraibano","Pedra Lavrada",NA,NA,68.6969826942659,1,5.2,3,3.8,2,NA,NA,3.9,1,NA,NA,84,1,NA,NA,90.2173913043478,2,8.69565217391305,1,42.5925925925926,-2,20.6304347826087,-2,2624.62247102213,-1,0.623856,1,"13490002.06",1898,0.690024131123971
25,"Paraíba",2511202,2011,2504,"Mata Paraibana",250423,"Litoral Sul","Pedras de Fogo",NA,NA,70.2212754906739,1,4.1,1,3,-1,NA,NA,3.8,1,0,2,82.1,1,94,2,67.7115987460815,1,49.2163009404389,-2,28.6458333333333,2,21.257053291536,-2,2263.38613036426,-1,0.71033,2,"52401206.70",6781,0.58623493450256
25,"Paraíba",2512721,2011,2504,"Mata Paraibana",250420,"Litoral Norte","Pedro Régis",NA,NA,83.9707313115662,3,3.1,-2,3.1,-1,NA,NA,7.8,-1,NA,NA,80.7,-1,NA,NA,87.0967741935484,2,1.61290322580645,2,34.4444444444444,1,16.7258064516129,1,3283.46254580521,1,0.428308,-2,"9274210.67",1037,0.607129140334543
25,"Paraíba",2511301,2011,2501,"Sertão Paraibano",250105,"Piancó","Piancó",NA,NA,66.3362136142234,-1,3.4,-1,2.6,-2,NA,NA,7.6,-1,NA,NA,79.9,-1,NA,NA,62.3430962343096,1,14.2259414225941,1,29.1666666666667,2,10.7991631799163,2,2577.3600116189,-1,0.588337,-1,"27251746.76",2582,0.606893142471915
25,"Paraíba",2511400,2011,2502,"Borborema",250209,"Seridó Oriental Paraibano","Picuí",NA,NA,63.570530327874,-1,5.1,3,4.2,3,NA,NA,2.6,2,NA,NA,91.1,2,NA,NA,93.1034482758621,2,3.44827586206897,2,33.1196581196581,1,21.1264367816092,-2,2356.29208650707,-1,0.680864,1,"29733640.30",3676,0.688543450619692
25,"Paraíba",2511608,2011,2503,"Agreste Paraibano",250315,"Brejo Paraibano","Pilões",NA,NA,68.1918494882002,-1,4.3,1,3.2,1,NA,NA,6.4,-1,NA,NA,80.4,-1,NA,NA,60.9195402298851,-1,32.183908045977,-1,40.3508771929825,-2,19.2068965517241,-1,2407.07918013166,-1,0.550463,-1,"16975876.74",1655,0.571531714958936
25,"Paraíba",2511707,2011,2503,"Agreste Paraibano",250316,"Guarabira","Pilõezinhos",NA,NA,66.8652558817578,-1,3.4,-1,2.7,-1,NA,NA,8.9,-1,NA,NA,80.3,-1,NA,NA,41.5094339622642,-2,35.8490566037736,-1,38.8888888888889,-1,18.1132075471698,-1,2488.92370833333,-1,0.573907,-1,"11670774.33",1671,0.539287611461255
25,"Paraíba",2511509,2011,2504,"Mata Paraibana",250421,"Sapé","Pilar",NA,NA,72.8413657402079,1,3,-2,2.9,-1,NA,NA,3.7,1,NA,NA,74.8,-2,NA,NA,75,1,22.1153846153846,-1,29.9145299145299,1,15.9134615384615,1,2446.92162537764,-1,0.565583,-1,"9659366.14",960,0.56039037867679
25,"Paraíba",2511806,2011,2503,"Agreste Paraibano",250316,"Guarabira","Pirpirituba",NA,NA,72.2115782104523,1,3.5,-1,3.2,1,NA,NA,5.7,1,NA,NA,85.5,1,NA,NA,78.4090909090909,1,3.40909090909091,2,34.6153846153846,1,14.8977272727273,1,2716.98594202898,-1,0.472144,-2,"13884658.63",1311,0.590490337079557
25,"Paraíba",2511905,2011,2504,"Mata Paraibana",250423,"Litoral Sul","Pitimbu",NA,NA,65.2057156886266,-1,3.4,-1,NA,NA,NA,NA,3.4,1,NA,NA,81.3,1,NA,NA,70.2702702702703,1,11.4864864864865,1,33.5858585858586,1,21.1486486486486,-2,2271.92095724314,-1,0.666802,1,"22169785.96",3134,0.582793300132098
25,"Paraíba",2512036,2011,2501,"Sertão Paraibano",250102,"Cajazeiras","Poço Dantas",NA,NA,49.7625413727274,-3,NA,NA,3.2,1,NA,NA,5.9,1,NA,NA,82,1,NA,NA,60.5042016806723,-1,47.8991596638655,-2,36.3247863247863,-1,12.4957983193277,2,2977.24516476127,1,0.484738,-2,"24673709.87",3775,0.618202716190922
25,"Paraíba",2512077,2011,2501,"Sertão Paraibano",250102,"Cajazeiras","Poço de José de Moura",NA,NA,68.4786692296798,-1,4.2,1,3.6,1,NA,NA,7.4,-1,NA,NA,81.1,1,NA,NA,32.4675324675325,-2,3.8961038961039,1,41.9753086419753,-2,19.4805194805195,-1,2342.04194666667,-1,0.561334,-1,"12950041.78",1487,0.533663711097475
25,"Paraíba",2512002,2011,2503,"Agreste Paraibano",250312,"Curimataú Ocidental","Pocinhos",NA,NA,53.8258667182374,-2,4.6,2,2.8,-1,NA,NA,6.1,-1,NA,NA,78.7,-1,NA,NA,68.8888888888889,1,20,1,37.7394636015326,-1,20.9722222222222,-2,2177.02401854305,-1,0.729921,2,"12018411.83",1500,0.593903696621085
25,"Paraíba",2512101,2011,2501,"Sertão Paraibano",250103,"Sousa","Pombal",NA,NA,68.617305220081,-1,5.1,3,4.4,3,NA,NA,2.6,2,NA,NA,90.1,2,NA,NA,52.9411764705882,-1,37.7450980392157,-2,34.0501792114695,1,16.6617647058824,1,2648.44805236834,-1,0.636674,1,"39689893.34",3399,0.653887411516982
25,"Paraíba",2512200,2011,2502,"Borborema",250210,"Cariri Ocidental","Prata",NA,NA,58.2334321407286,-2,4.1,1,NA,NA,NA,NA,7.1,-1,NA,NA,76.2,-1,NA,NA,62.5,1,7.5,1,32.4074074074074,1,15.625,1,2945.886736,1,0.7139,2,"9534216.62",625,0.607197694256448
25,"Paraíba",2512309,2011,2501,"Sertão Paraibano",250107,"Serra do Teixeira","Princesa Isabel",NA,NA,76.1997893981382,1,4.5,2,3.2,1,NA,NA,8.3,-1,NA,NA,85.5,1,NA,NA,37.5,-2,15,1,40.5982905982906,-2,18.75,-1,3076.70125333333,1,0.534742,-1,"26652400.62",2250,0.607378773598607
25,"Paraíba",2512408,2011,2503,"Agreste Paraibano",250317,"Campina Grande","Puxinanã",NA,NA,67.8413948035225,-1,3.8,-1,NA,NA,NA,NA,3.4,1,NA,NA,84.6,1,NA,NA,66.9902912621359,1,1.94174757281553,2,38.6243386243386,-1,17.8252427184466,-1,2440.9615577342,-1,0.66689,1,"14823191.25",1836,0.567681808584992
25,"Paraíba",2512507,2011,2503,"Agreste Paraibano",250317,"Campina Grande","Queimadas",NA,NA,68.9001648189127,1,4.3,1,3.3,1,NA,NA,5,1,NA,NA,84.6,1,NA,NA,45.910290237467,-1,45.910290237467,-2,40.3174603174603,-2,20.0369393139842,-1,2107.37287030941,-2,0.771042,2,"48694753.94",7595,0.600108141185487
25,"Paraíba",2512606,2011,2501,"Sertão Paraibano",250104,"Patos","Quixabá",NA,NA,54.2788731329014,-2,4.2,1,3.6,1,NA,NA,2.4,2,NA,NA,93.9,3,NA,NA,69.6969696969697,1,9.09090909090909,1,35.3535353535354,-1,13.5151515151515,1,3733.66726457399,2,NA,NA,"7338680.04",446,0.622585663189401
25,"Paraíba",2512705,2011,2503,"Agreste Paraibano",250312,"Curimataú Ocidental","Remígio",NA,NA,72.5844493510498,1,3.8,-1,2.9,-1,NA,NA,7.2,-1,NA,NA,76.6,-1,NA,NA,81.5789473684211,2,21.0526315789474,-1,34.0579710144928,1,20.0592105263158,-1,2577.98941292227,-1,NA,NA,"24240288.38",3049,0.59310005727413
25,"Paraíba",2512747,2011,2503,"Agreste Paraibano",250313,"Curimataú Oriental","Riachão",NA,NA,57.4629129312949,-2,4.4,1,3.1,-1,NA,NA,3.9,1,NA,NA,83.8,1,NA,NA,63.265306122449,1,16.3265306122449,1,31.9444444444444,1,15.8367346938776,1,3164.83536082474,1,0.547026,-1,"8066748.05",776,0.531931779666374
25,"Paraíba",2512754,2011,2503,"Agreste Paraibano",250318,"Itabaiana","Riachão do Bacamarte",NA,NA,60.5365234616225,-2,3.6,-1,NA,NA,NA,NA,4,1,NA,NA,82,1,NA,NA,41.7910447761194,-2,40.2985074626866,-2,30.8641975308642,1,13.865671641791,1,2769.36052744887,-1,0.549747,-1,"9234485.70",929,0.528345095444331
25,"Paraíba",2512762,2011,2504,"Mata Paraibana",250421,"Sapé","Riachão do Poço",NA,NA,64.6172947483729,-1,3.7,-1,3.1,-1,NA,NA,2.9,1,NA,NA,82.2,1,NA,NA,100,3,0,2,32.5396825396825,1,28.3428571428571,-4,2768.00098790323,-1,0.530984,-1,"8582305.88",992,0.520979077272302
25,"Paraíba",2512788,2011,2502,"Borborema",250211,"Cariri Oriental","Riacho de Santo Antônio",NA,NA,63.1761051135571,-1,4,1,NA,NA,NA,NA,15.3,-3,11.1,1,74.6,-2,88.9,1,70.5882352941177,1,17.6470588235294,1,33.3333333333333,1,15.0882352941176,1,2954.98153996102,1,0.809316,3,"7154227.71",513,0.615325254319978
25,"Paraíba",2512804,2011,2501,"Sertão Paraibano",250101,"Catolé do Rocha","Riacho dos Cavalos",NA,NA,75.1542005738517,1,4.5,2,2.2,-2,NA,NA,6,-1,NA,NA,83.4,1,NA,NA,73.9130434782609,1,13.0434782608696,1,43.719806763285,-2,17.1739130434783,-1,2163.25015189874,-1,0.668673,1,"11159312.03",1185,0.541276897629111
25,"Paraíba",2512903,2011,2504,"Mata Paraibana",250420,"Litoral Norte","Rio Tinto",NA,NA,74.5382726553976,1,3.8,-1,2.9,-1,NA,NA,6.6,-1,NA,NA,75,-1,NA,NA,68.75,1,1.70454545454545,2,31.8930041152263,1,23.375,-2,2398.1673097431,-1,0.631993,1,"28237567.23",4126,0.589238015599791
25,"Paraíba",2513927,2011,2501,"Sertão Paraibano",250103,"Sousa","São Bentinho",NA,NA,62.3971474265942,-1,4.4,1,4.3,3,NA,NA,2.7,2,NA,NA,83.7,1,NA,NA,50,-1,23.9130434782609,-1,33.3333333333333,1,14.695652173913,1,3887.57828402367,2,0.537553,-1,"8720466.70",783,0.537302392956799
25,"Paraíba",2513901,2011,2501,"Sertão Paraibano",250101,"Catolé do Rocha","São Bento",NA,NA,52.2965550371771,-3,3.7,-1,3.3,1,NA,NA,12.7,-3,NA,NA,67.3,-3,NA,NA,81.6831683168317,2,3.96039603960396,1,34.9537037037037,-1,24.9455445544554,-3,2592.81448501687,-1,0.599854,-1,"17650937.24",2544,0.566216211322458
25,"Paraíba",2513968,2011,2501,"Sertão Paraibano",250103,"Sousa","São Domingos",NA,NA,59.5923032414136,-2,3.7,-1,3.4,1,NA,NA,6.7,-1,NA,NA,79.7,-1,NA,NA,91.8918918918919,2,43.2432432432432,-2,30.5555555555556,1,18.1351351351351,-1,3494.43125186289,2,0.556013,-1,"10889342.87",1708,0.626181987334154
25,"Paraíba",2513943,2011,2502,"Borborema",250211,"Cariri Oriental","São Domingos do Cariri",NA,NA,63.2450380823015,-1,5.6,3,3.9,2,NA,NA,7.4,-1,20.4,-1,80.1,-1,70.5,-1,82.8571428571429,2,20,1,37.7777777777778,-1,12.9142857142857,2,3169.87871681416,1,NA,NA,"10501003.54",764,0.559407536074998
25,"Paraíba",2513984,2011,2501,"Sertão Paraibano",250103,"Sousa","São Francisco",NA,NA,57.337368677131,-2,4.1,1,3.4,1,NA,NA,3.3,1,NA,NA,83.8,1,NA,NA,47.0588235294118,-1,23.5294117647059,-1,30,1,20.7352941176471,-2,2828.9809787234,1,0.657164,1,"10646158.41",1137,0.613106863732351
25,"Paraíba",2514008,2011,2502,"Borborema",250211,"Cariri Oriental","São João do Cariri",NA,NA,64.2922163876197,-1,4.4,1,NA,NA,NA,NA,1.2,2,NA,NA,88.6,2,NA,NA,45.8333333333333,-1,39.5833333333333,-2,35.042735042735,-1,8.58333333333333,3,4122.17694174757,3,0.688534,1,"7216118.04",648,0.459628274416086
25,"Paraíba",2500700,2011,2501,"Sertão Paraibano",250102,"Cajazeiras","São João do Rio do Peixe",NA,NA,66.4013666679679,-1,NA,NA,2.7,-1,NA,NA,14.1,-3,NA,NA,69.7,-2,NA,NA,44.4444444444444,-1,7.18954248366013,1,39.3939393939394,-1,19.3986928104575,-1,2287.98149932615,-1,0.626122,1,"19769831.02",1583,0.669165717525321
25,"Paraíba",2514107,2011,2502,"Borborema",250210,"Cariri Ocidental","São João do Tigre",NA,NA,58.1436455389323,-2,3.4,-1,NA,NA,NA,NA,4.8,1,NA,NA,80.6,-1,NA,NA,91.8032786885246,2,13.1147540983607,1,31.6666666666667,1,16,1,2971.25385245902,1,0.507907,-2,"135905529.90",18099,0.62662197226088
25,"Paraíba",2514206,2011,2501,"Sertão Paraibano",250103,"Sousa","São José da Lagoa Tapada",NA,NA,72.6010317588157,1,3.2,-2,3.2,1,NA,NA,7.1,-1,NA,NA,67.5,-3,NA,NA,67.1875,1,1.5625,2,42.0634920634921,-2,16.796875,1,3036.84480930233,1,0.485318,-2,"8853512.53",849,0.636129644875231
25,"Paraíba",2514305,2011,2501,"Sertão Paraibano",250106,"Itaporanga","São José de Caiana",NA,NA,67.1103340330374,-1,3.3,-2,NA,NA,NA,NA,8.2,-1,NA,NA,84.3,1,NA,NA,16.1764705882353,-3,51.4705882352941,-2,44.8717948717949,-2,16.1323529411765,1,2967.48783044667,1,0.452374,-2,"9609201.51",1142,0.54767855513805
25,"Paraíba",2514404,2011,2501,"Sertão Paraibano",250104,"Patos","São José de Espinharas",NA,NA,76.0986105995919,1,3.3,-2,NA,NA,NA,NA,5.1,1,NA,NA,79.6,-1,NA,NA,55.2238805970149,-1,8.95522388059702,1,35.7638888888889,-1,12.044776119403,2,3299.42312267658,1,0.498453,-2,"9838951.30",1092,0.562165733002875
25,"Paraíba",2514503,2011,2501,"Sertão Paraibano",250102,"Cajazeiras","São José de Piranhas",NA,NA,66.6424251700618,-1,3.9,1,NA,NA,NA,NA,6.5,-1,NA,NA,76.5,-1,NA,NA,43.312101910828,-2,21.656050955414,-1,41.0430839002268,-2,15.7324840764331,1,2224.74011726648,-1,0.638611,1,"10599790.02",1097,0.605151926825234
25,"Paraíba",2514552,2011,2501,"Sertão Paraibano",250107,"Serra do Teixeira","São José de Princesa",NA,NA,66.8575404531276,-1,4.2,1,NA,NA,NA,NA,2.1,2,NA,NA,85.8,1,NA,NA,59.0909090909091,-1,40.9090909090909,-2,42.2222222222222,-2,11.7045454545455,2,4247.58186407767,3,NA,NA,"7359029.08",513,0.563990737504641
25,"Paraíba",2514602,2011,2501,"Sertão Paraibano",250104,"Patos","São José do Bonfim",NA,NA,60.3724598393562,-2,3.7,-1,2.8,-1,NA,NA,1.4,2,NA,NA,84.4,1,NA,NA,65.3061224489796,1,26.530612244898,-1,41.6666666666667,-2,13.5510204081633,1,3258.07298192771,1,0.535341,-1,"8941601.67",676,0.581144104647764
25,"Paraíba",2514651,2011,2501,"Sertão Paraibano",250101,"Catolé do Rocha","São José do Brejo do Cruz",NA,NA,64.549969865307,-1,4.4,1,3.6,1,NA,NA,0,2,NA,NA,86.1,1,NA,NA,55.5555555555556,-1,7.4074074074074,1,31.4814814814815,1,18.037037037037,-1,3593.53059548255,2,0.658385,1,"43087475.05",5039,0.612464960782138
25,"Paraíba",2514701,2011,2502,"Borborema",250208,"Seridó Ocidental Paraibano","São José do Sabugi",NA,NA,78.3649597890692,2,3.8,-1,3.8,2,NA,NA,1.3,2,NA,NA,87.1,2,NA,NA,90.6976744186046,2,18.6046511627907,1,37.037037037037,-1,14.7674418604651,1,3868.51577952756,2,0.501107,-2,"8161495.90",671,0.616495564807335
25,"Paraíba",2514800,2011,2502,"Borborema",250210,"Cariri Ocidental","São José dos Cordeiros",NA,NA,74.6000679069183,1,3.5,-1,NA,NA,NA,NA,6.3,-1,NA,NA,73.3,-2,NA,NA,65.7142857142857,1,28.5714285714286,-1,38.5416666666667,-1,13.0285714285714,2,3367.47081140351,1,NA,NA,"7198455.30",452,0.579792539173274
25,"Paraíba",2514453,2011,2504,"Mata Paraibana",250421,"Sapé","São José dos Ramos",NA,NA,62.3601464599005,-1,3.6,-1,3.1,-1,NA,NA,6.1,-1,NA,NA,78.5,-1,NA,NA,88.3333333333333,2,8.33333333333334,1,30.9523809523809,1,19.0666666666667,-1,2785.86579545454,-1,0.510525,-2,"9632785.16",705,0.619624119987431
25,"Paraíba",2514909,2011,2502,"Borborema",250208,"Seridó Ocidental Paraibano","São Mamede",NA,NA,72.7590315095495,1,4.7,2,4,2,NA,NA,3.4,1,0.8,2,85.9,1,82.1,1,41.9047619047619,-2,42.8571428571429,-2,36.1111111111111,-1,14.6666666666667,1,2275.63966233766,-1,0.718547,2,"7949274.98",412,0.613873951708075
25,"Paraíba",2515005,2011,2504,"Mata Paraibana",250421,"Sapé","São Miguel de Taipu",NA,NA,70.3951935821299,1,2.8,-2,3,-1,NA,NA,7.3,-1,NA,NA,75.4,-1,NA,NA,51.0416666666667,-1,45.8333333333333,-2,37.5,-1,18.4270833333333,-1,2208.91084745763,-1,0.630995,1,"22673906.40",2968,0.579626800019864
25,"Paraíba",2515104,2011,2503,"Agreste Paraibano",250314,"Esperança","São Sebastião de Lagoa de Roça",NA,NA,80.4254580569384,2,4.4,1,3.8,2,NA,NA,5.1,1,NA,NA,84.6,1,NA,NA,82.3529411764706,2,16.6666666666667,1,40.0584795321637,-1,20.2843137254902,-1,2396.43861768971,-1,0.629863,1,"9365700.71",976,0.58988551982274
25,"Paraíba",2515203,2011,2502,"Borborema",250210,"Cariri Ocidental","São Sebastião do Umbuzeiro",NA,NA,69.6818524047079,1,3.7,-1,NA,NA,NA,NA,2.8,1,NA,NA,75.5,-1,NA,NA,87.8787878787879,2,18.1818181818182,1,36.6666666666667,-1,15.0606060606061,1,3965.49939637827,2,0.573272,-1,"12239741.35",1075,0.6123
25,"Paraíba",2513000,2011,2502,"Borborema",250208,"Seridó Ocidental Paraibano","Salgadinho",NA,NA,64.2775193544708,-1,4.4,1,2.8,-1,NA,NA,4.2,1,NA,NA,84.3,1,NA,NA,35.7142857142857,-2,16.0714285714286,1,33.3333333333333,1,13.9821428571429,1,3140.85399744572,1,0.542314,-1,"10675257.32",1097,0.454391326183652
25,"Paraíba",2513109,2011,2503,"Agreste Paraibano",250318,"Itabaiana","Salgado de São Félix",NA,NA,72.0336349555897,1,4.2,1,NA,NA,NA,NA,5.5,1,NA,NA,83.5,1,NA,NA,49.2537313432836,-1,22.3880597014925,-1,35.3801169590643,-1,18.9850746268657,-1,2190.03356132076,-1,0.640942,1,"8977435.14",807,0.605062763102943
25,"Paraíba",2513158,2011,2503,"Agreste Paraibano",250319,"Umbuzeiro","Santa Cecília",NA,NA,66.4594885613436,-1,4,1,3.4,1,NA,NA,3.8,1,NA,NA,79.9,-1,NA,NA,67.9012345679012,1,19.7530864197531,1,43.4343434343434,-2,21.0864197530864,-2,2377.05334309133,-1,0.573294,-1,"23612442.30",2473,0.597473482783549
25,"Paraíba",2513208,2011,2501,"Sertão Paraibano",250103,"Sousa","Santa Cruz",NA,NA,60.4713734229511,-2,4.4,1,NA,NA,NA,NA,4,1,NA,NA,82.5,1,NA,NA,34.4827586206897,-2,20.6896551724138,-1,39.3939393939394,-1,13.1551724137931,2,2875.11980366492,1,0.650331,1,"7889143.28",515,0.520049739493988
25,"Paraíba",2513307,2011,2501,"Sertão Paraibano",250102,"Cajazeiras","Santa Helena",NA,NA,66.7779410523609,-1,4.2,1,3.7,2,NA,NA,7.7,-1,NA,NA,77.9,-1,NA,NA,62.5,1,10.9375,1,35.6481481481481,-1,17.765625,-1,2262.2310114336,-1,0.668242,1,"7796505.46",664,0.596181377869871
25,"Paraíba",2513356,2011,2501,"Sertão Paraibano",250106,"Itaporanga","Santa Inês",NA,NA,85.917991974074,3,NA,NA,NA,NA,NA,NA,9,-1,NA,NA,76,-1,NA,NA,97.5609756097561,2,0,2,41.2698412698413,-2,15.5365853658537,1,2454.21413580247,-1,NA,NA,"7298331.82",487,0.608702039291956
25,"Paraíba",2513406,2011,2502,"Borborema",250208,"Seridó Ocidental Paraibano","Santa Luzia",NA,NA,79.4967529134746,2,4.2,1,3.1,-1,NA,NA,4.4,1,NA,NA,88.9,2,NA,NA,72.9166666666667,1,8.33333333333334,1,30.3030303030303,1,16.4895833333333,1,2768.38557801642,-1,0.58032,-1,"8693755.60",635,0.678232224101562
25,"Paraíba",2513703,2011,2504,"Mata Paraibana",250422,"João Pessoa","Santa Rita",NA,NA,70.1993924759749,1,3.5,-1,2.8,-1,NA,NA,11.9,-2,NA,NA,74.3,-2,NA,NA,62.8930817610063,1,21.8029350104822,-1,28.1531531531532,2,18.9622641509434,-1,2891.98747223604,1,0.688956,1,"7743782.04",456,0.524317152167956
25,"Paraíba",2513802,2011,2501,"Sertão Paraibano",250104,"Patos","Santa Teresinha",NA,NA,63.9997107664021,-1,4.1,1,4.1,2,NA,NA,3.5,1,NA,NA,88.9,2,NA,NA,81.1320754716981,2,24.5283018867924,-1,37.8472222222222,-1,16,1,2868.12998822144,1,0.587087,-1,"10090122.50",1144,0.545708651444817
25,"Paraíba",2513505,2011,2501,"Sertão Paraibano",250106,"Itaporanga","Santana de Mangueira",NA,NA,73.7516850955934,1,3.6,-1,4,2,NA,NA,2.5,2,NA,NA,85.2,1,NA,NA,36.9565217391304,-2,26.0869565217391,-1,38.7037037037037,-1,12.4130434782609,2,2902.89294220666,1,0.50391,-2,"11599838.87",1540,0.632272947310497
25,"Paraíba",2513604,2011,2501,"Sertão Paraibano",250105,"Piancó","Santana dos Garrotes",NA,NA,71.1753704788368,1,2.7,-3,NA,NA,NA,NA,13.1,-3,47,-3,75.3,-1,53,-3,20.4545454545455,-3,17.0454545454545,1,28.2828282828283,2,12.4090909090909,2,2678.96535714286,-1,0.516078,-1,"10206565.47",1770,0.491624804892432
25,"Paraíba",2513653,2011,2501,"Sertão Paraibano",250102,"Cajazeiras","Santarém",NA,NA,51.8560954816288,-3,3.2,-2,3.2,1,NA,NA,4.8,1,NA,NA,86.3,1,NA,NA,34.5238095238095,-2,48.8095238095238,-2,29.3650793650794,2,13.0595238095238,2,2674.94922515953,-1,0.518679,-1,"15768112.69",2069,0.630790791191165
25,"Paraíba",2513851,2011,2502,"Borborema",250211,"Cariri Oriental","Santo André",NA,NA,53.7602305638667,-2,4.2,1,4.1,2,NA,NA,8,-1,NA,NA,88.6,2,NA,NA,58.3333333333333,-1,33.3333333333333,-1,27.7777777777778,2,14.25,1,3484.08828460039,2,0.665035,1,"7775987.80",497,0.5640
25,"Paraíba",2515302,2011,2504,"Mata Paraibana",250421,"Sapé","Sapé",NA,NA,76.34871434848,2,3.5,-1,2.4,-2,NA,NA,7.1,-1,NA,NA,80.8,-1,NA,NA,64.5484949832776,1,21.0702341137124,-1,32.0833333333333,1,22.8628762541806,-2,2070.03576541046,-2,0.755542,2,"57565632.54",6846,0.552143008587474
25,"Paraíba",2515401,2011,2502,"Borborema",250209,"Seridó Oriental Paraibano","Seridó",NA,NA,70.9180931736936,1,4.1,1,2.7,-1,NA,NA,6,-1,22.5,-1,81.2,1,75,-1,59.6774193548387,-1,21.7741935483871,-1,37.7777777777778,-1,15.4677419354839,1,2210.86370833333,-1,0.640577,1,"15160626.10",1920,0.58327539355879
25,"Paraíba",2515500,2011,2502,"Borborema",250210,"Cariri Ocidental","Serra Branca",NA,NA,75.8423429512547,1,3.9,1,3.4,1,NA,NA,4.3,1,4,1,83.9,1,96,2,68.4782608695652,1,25,-1,35,-1,16.7065217391304,1,2283.28236174366,-1,0.644286,1,"16598389.33",1537,0.606251674404799
25,"Paraíba",2515609,2011,2503,"Agreste Paraibano",250316,"Guarabira","Serra da Raiz",NA,NA,55.542283884365,-2,4.2,1,2.7,-1,NA,NA,14.4,-3,NA,NA,83.9,1,NA,NA,36.1111111111111,-2,16.6666666666667,1,30.8641975308642,1,13.5833333333333,1,4747.28419222904,4,0.46529,-2,"7965051.23",489,0.520952247781423
25,"Paraíba",2515708,2011,2501,"Sertão Paraibano",250106,"Itaporanga","Serra Grande",NA,NA,60.9339315318226,-2,4.4,1,3.4,1,NA,NA,8.8,-1,NA,NA,83.9,1,NA,NA,48.7179487179487,-1,33.3333333333333,-1,43.2098765432099,-2,17.8974358974359,-1,1874.05544412607,-2,1,4,"8001596.19",698,0.578428020627343
25,"Paraíba",2515807,2011,2503,"Agreste Paraibano",250317,"Campina Grande","Serra Redonda",NA,NA,80.7856820786742,2,3,-2,3,-1,NA,NA,8.7,-1,NA,NA,70.8,-2,NA,NA,43,-2,42,-2,35.9649122807018,-1,12.05,2,2924.14995020747,1,0.463889,-2,"9737208.46",1205,0.548771907728126
25,"Paraíba",2515906,2011,2503,"Agreste Paraibano",250315,"Brejo Paraibano","Serraria",NA,NA,74.4969456149061,1,3.5,-1,NA,NA,NA,NA,9.6,-2,NA,NA,74.4,-2,NA,NA,48.1481481481481,-1,14.8148148148148,1,37.5,-1,16.7962962962963,1,2933.43512679162,1,0.56751,-1,"9043033.64",907,0.527035267063592
25,"Paraíba",2515930,2011,2503,"Agreste Paraibano",250316,"Guarabira","Sertãozinho",NA,NA,72.7960996851035,1,4.2,1,2.8,-1,NA,NA,2.5,2,NA,NA,83.2,1,NA,NA,89.0909090909091,2,0,2,34.3434343434343,1,17.1272727272727,-1,2886.90979915434,1,0.534931,-1,"9562000.04",946,0.629420078681832
25,"Paraíba",2515971,2011,2504,"Mata Paraibana",250421,"Sapé","Sobrado",NA,NA,66.332735310536,-1,4.1,1,2.8,-1,NA,NA,3.4,1,NA,NA,82.3,1,NA,NA,73.4939759036145,1,7.22891566265061,1,31.8518518518518,1,18.3975903614458,-1,2757.36147155003,-1,0.521408,-1,"11174450.07",1529,0.617258549240112
25,"Paraíba",2516003,2011,2503,"Agreste Paraibano",250313,"Curimataú Oriental","Solânea",NA,NA,78.0469379287643,2,3.6,-1,3,-1,NA,NA,9.2,-2,NA,NA,78.4,-1,NA,NA,59.8039215686275,-1,6.86274509803921,1,38.5802469135803,-1,18.0833333333333,-1,2652.04933857414,-1,0.592008,-1,"27676404.80",3689,0.619732988728193
25,"Paraíba",2516102,2011,2503,"Agreste Paraibano",250312,"Curimataú Ocidental","Soledade",NA,NA,76.1651006641725,1,3.6,-1,2.5,-2,NA,NA,7.3,-1,NA,NA,65.3,-3,NA,NA,63.1578947368421,1,21.8045112781955,-1,40.8212560386473,-2,16.6390977443609,1,2412.5950384094,-1,0.60586,-1,"21719135.09",2213,0.587649223444067
25,"Paraíba",2516151,2011,2503,"Agreste Paraibano",250312,"Curimataú Ocidental","Sossêgo",NA,NA,66.4335289053532,-1,4.6,2,NA,NA,NA,NA,7.6,-1,NA,NA,74,-2,NA,NA,58.1395348837209,-1,20.9302325581395,-1,33.3333333333333,1,14.953488372093,1,3371.62419254659,1,0.617219,1,"7635691.20",644,0.578681131716189
25,"Paraíba",2516201,2011,2501,"Sertão Paraibano",250103,"Sousa","Sousa",NA,NA,72.0185442685895,1,3.5,-1,3.4,1,NA,NA,6,-1,10.6,1,74.7,-2,89.4,1,57.9505300353357,-1,20.8480565371025,-1,33.8095238095238,1,16.6961130742049,1,2621.91714497354,-1,0.622266,1,"75028066.69",4725,0.597821262915496
25,"Paraíba",2516300,2011,2502,"Borborema",250210,"Cariri Ocidental","Sumé",NA,NA,63.0251579230661,-1,3.9,1,2.9,-1,NA,NA,3,1,NA,NA,79.3,-1,NA,NA,52.9411764705882,-1,27.0588235294118,-1,30.7407407407407,1,18.4823529411765,-1,2789.430598345,1,0.589136,-1,"27651471.20",1571,0.632690072392287
25,"Paraíba",2516409,2011,2503,"Agreste Paraibano",250313,"Curimataú Oriental","Tacima",NA,NA,70.7260350246572,1,3.6,-1,2.6,-2,NA,NA,7.3,-1,NA,NA,80.4,-1,NA,NA,40.8163265306122,-2,42.8571428571429,-2,31.1111111111111,1,17.2959183673469,-1,2589.63331563422,-1,0.551011,-1,"13146284.93",1695,0.579432671279586
25,"Paraíba",2516508,2011,2502,"Borborema",250210,"Cariri Ocidental","Taperoá",NA,NA,78.0654607881071,2,3.9,1,2.9,-1,NA,NA,7.3,-1,NA,NA,74.2,-2,NA,NA,56.5573770491803,-1,0.819672131147541,2,33.179012345679,1,14.3606557377049,1,2868.70091894977,1,0.514649,-1,"20612937.70",1752,0.598587166980921
25,"Paraíba",2516607,2011,2501,"Sertão Paraibano",250107,"Serra do Teixeira","Tavares",NA,NA,84.5359587788425,3,3.9,1,3.3,1,NA,NA,5.8,1,10.4,1,82,1,85.4,1,54.6666666666667,-1,0.666666666666671,2,38.0116959064327,-1,18.2666666666667,-1,2323.1293430657,-1,0.657473,1,"19395133.54",2740,0.566801280607489
25,"Paraíba",2516706,2011,2501,"Sertão Paraibano",250107,"Serra do Teixeira","Teixeira",NA,NA,79.3191631248958,2,4.3,1,3.2,1,NA,NA,3.9,1,NA,NA,85.3,1,NA,NA,68.75,1,3.125,2,40.6565656565657,-2,18.8515625,-1,2650.55362054681,-1,0.574747,-1,"18573427.79",2414,0.615632814632875
25,"Paraíba",2516755,2011,2502,"Borborema",250209,"Seridó Oriental Paraibano","Tenório",NA,NA,62.984386809366,-1,3.4,-1,2.7,-1,NA,NA,6.3,-1,NA,NA,69.8,-2,NA,NA,61.1111111111111,-1,5.55555555555556,1,41.1111111111111,-2,12.9814814814815,2,3331.05807417974,1,0.549823,-1,"8140719.89",701,0.579706994444629
25,"Paraíba",2516805,2011,2501,"Sertão Paraibano",250102,"Cajazeiras","Triunfo",NA,NA,66.2884729363951,-1,3.9,1,2.9,-1,NA,NA,7.5,-1,NA,NA,76.5,-1,NA,NA,34.6938775510204,-2,15.3061224489796,1,40.1515151515151,-2,13.3265306122449,1,2838.70767993874,1,0.487006,-2,"12429832.32",1306,0.54415
25,"Paraíba",2516904,2011,2501,"Sertão Paraibano",250102,"Cajazeiras","Uiraúna",NA,NA,74.1583231818707,1,3,-2,NA,NA,NA,NA,12,-2,NA,NA,70.1,-2,NA,NA,30.7086614173228,-2,32.2834645669291,-1,33.0808080808081,1,15.9685039370079,1,2283.01785009862,-1,0.605767,-1,"19215150.15",2028,0.594845018031541
25,"Paraíba",2517001,2011,2503,"Agreste Paraibano",250319,"Umbuzeiro","Umbuzeiro",NA,NA,71.712893020523,1,3.4,-1,3.3,1,NA,NA,6.3,-1,11.8,1,78.7,-1,88.2,1,48.5507246376812,-1,54.3478260869565,-3,44.047619047619,-2,17.7753623188406,-1,2098.05351814105,-2,0.633649,1,"14755822.46",2453,0.643615251769819
25,"Paraíba",2517100,2011,2502,"Borborema",250208,"Seridó Ocidental Paraibano","Várzea",NA,NA,53.9123554643881,-2,6.5,4,NA,NA,NA,NA,2.6,2,NA,NA,93.6,3,NA,NA,84.6153846153846,2,25.6410256410256,-1,37.962962962963,-1,13.6923076923077,1,2900.03488764045,1,1,4,"7892719.52",534,0.678962626386414
25,"Paraíba",2517209,2011,2501,"Sertão Paraibano",250103,"Sousa","Vieirópolis",NA,NA,59.6625398963997,-2,3.2,-2,3.7,2,NA,NA,9.7,-2,NA,NA,79.5,-1,NA,NA,37.8787878787879,-2,19.6969696969697,1,33.3333333333333,1,12.3939393939394,2,3395.15938875306,1,0.489307,-2,"8804113.30",818,0.591346861984899
25,"Paraíba",2505501,2011,2501,"Sertão Paraibano",250103,"Sousa","Vista Serrana",NA,NA,74.3266782925913,1,NA,NA,NA,NA,NA,NA,2.1,2,NA,NA,90.1,2,NA,NA,44.4444444444444,-1,7.4074074074074,1,37.037037037037,-1,18.1111111111111,-1,3322.63333333334,1,NA,NA,"7222263.24",489,0.561714288866077
25,"Paraíba",2517407,2011,2502,"Borborema",250210,"Cariri Ocidental","Zabelê",NA,NA,47.3568818945828,-3,4.3,1,NA,NA,NA,NA,0,2,NA,NA,97.1,3,NA,NA,81.4814814814815,2,14.8148148148148,1,11.1111111111111,4,13.3703703703704,1,3255.87905817174,1,0.965923,4,"7087931.22",361,0.570029177390586
